{
  "_fv": 79,
  "_type": "procedure",
  "definition": {
    "procedurexml": "<xml xmlns=\"https://developers.google.com/blockly/xml\"><block type=\"event_trigger\" deletable=\"false\" x=\"40\" y=\"40\"><field name=\"trigger\">no_ext_trigger</field><next><block type=\"controls_if\"><value name=\"IF0\"><block type=\"math_binary_ops\"><field name=\"OP\">EQ</field><value name=\"A\"><block type=\"entity_get_attribute_value\"><field name=\"attribute\">CUSTOM:ProgressBarAtrb</field><value name=\"entity\"><block type=\"entity_from_deps\"></block></value></block></value><value name=\"B\"><block type=\"math_number\"><field name=\"NUM\">5</field></block></value></block></value><statement name=\"DO0\"><block type=\"return_logic\"><value name=\"return\"><block type=\"logic_boolean\"><field name=\"BOOL\">TRUE</field></block></value></block></statement><next><block type=\"return_logic\"><value name=\"return\"><block type=\"logic_boolean\"><field name=\"BOOL\">FALSE</field></block></value></block></next></block></next></block></xml>",
    "skipDependencyNullCheck": false
  }
}