{
  "_fv": 79,
  "_type": "blockstates",
  "definition": {
    "block": "BaseAirlockU1",
    "blockstateList": [
      {
        "texture": "airlock_base_item",
        "textureTop": "",
        "textureLeft": "",
        "textureFront": "",
        "textureRight": "",
        "textureBack": "",
        "particleTexture": "",
        "renderType": 2,
        "customModelName": "airlock_up__ao_2:default",
        "luminance": 0,
        "boundingBoxes": [
          {
            "mx": 15.0,
            "my": 0.0,
            "mz": 6.0,
            "Mx": 16.0,
            "My": 14.0,
            "Mz": 10.0,
            "subtract": false
          },
          {
            "mx": 9.0,
            "my": 0.0,
            "mz": 7.0,
            "Mx": 15.0,
            "My": 14.0,
            "Mz": 9.0,
            "subtract": false
          },
          {
            "mx": 7.0,
            "my": -1.0,
            "mz": 9.0,
            "Mx": 9.0,
            "My": 16.0,
            "Mz": 11.0,
            "subtract": false
          },
          {
            "mx": 8.0,
            "my": 14.0,
            "mz": 6.0,
            "Mx": 16.0,
            "My": 16.0,
            "Mz": 10.0,
            "subtract": false
          },
          {
            "mx": 0.0,
            "my": 2.0,
            "mz": 6.0,
            "Mx": 7.0,
            "My": 16.0,
            "Mz": 10.0,
            "subtract": false
          },
          {
            "mx": 5.0,
            "my": -1.0,
            "mz": 5.0,
            "Mx": 7.0,
            "My": 16.0,
            "Mz": 7.0,
            "subtract": false
          },
          {
            "mx": 0.0,
            "my": 0.0,
            "mz": 7.0,
            "Mx": 7.0,
            "My": 2.0,
            "Mz": 9.0,
            "subtract": false
          }
        ]
      },
      {
        "texture": "airlock_base_item",
        "textureTop": "",
        "textureLeft": "",
        "textureFront": "",
        "textureRight": "",
        "textureBack": "",
        "particleTexture": "",
        "renderType": 2,
        "customModelName": "airlock_up__ao_3:default",
        "luminance": 0,
        "boundingBoxes": [
          {
            "mx": 10.0,
            "my": 0.0,
            "mz": 7.0,
            "Mx": 16.0,
            "My": 14.0,
            "Mz": 9.0,
            "subtract": false
          },
          {
            "mx": 8.0,
            "my": -1.0,
            "mz": 9.0,
            "Mx": 10.0,
            "My": 16.0,
            "Mz": 11.0,
            "subtract": false
          },
          {
            "mx": 9.0,
            "my": 14.0,
            "mz": 6.0,
            "Mx": 16.0,
            "My": 16.0,
            "Mz": 10.0,
            "subtract": false
          },
          {
            "mx": 0.0,
            "my": 2.0,
            "mz": 6.0,
            "Mx": 5.0,
            "My": 16.0,
            "Mz": 10.0,
            "subtract": false
          },
          {
            "mx": 3.0,
            "my": -1.0,
            "mz": 5.0,
            "Mx": 5.0,
            "My": 16.0,
            "Mz": 7.0,
            "subtract": false
          },
          {
            "mx": 0.0,
            "my": 0.0,
            "mz": 7.0,
            "Mx": 5.0,
            "My": 2.0,
            "Mz": 9.0,
            "subtract": false
          },
          {
            "mx": 16.0,
            "my": 0.0,
            "mz": 6.0,
            "Mx": 16.0,
            "My": 14.0,
            "Mz": 10.0,
            "subtract": false
          }
        ]
      },
      {
        "texture": "airlock_base_item",
        "textureTop": "",
        "textureLeft": "",
        "textureFront": "",
        "textureRight": "",
        "textureBack": "",
        "particleTexture": "",
        "renderType": 2,
        "customModelName": "airlock_up__ao_4:default",
        "luminance": 0,
        "boundingBoxes": [
          {
            "mx": 12.0,
            "my": 0.0,
            "mz": 7.0,
            "Mx": 16.0,
            "My": 14.0,
            "Mz": 9.0,
            "subtract": false
          },
          {
            "mx": 10.0,
            "my": -1.0,
            "mz": 9.0,
            "Mx": 12.0,
            "My": 16.0,
            "Mz": 11.0,
            "subtract": false
          },
          {
            "mx": 11.0,
            "my": 14.0,
            "mz": 6.0,
            "Mx": 16.0,
            "My": 16.0,
            "Mz": 10.0,
            "subtract": false
          },
          {
            "mx": 0.0,
            "my": 2.0,
            "mz": 6.0,
            "Mx": 3.0,
            "My": 16.0,
            "Mz": 10.0,
            "subtract": false
          },
          {
            "mx": 1.0,
            "my": -1.0,
            "mz": 5.0,
            "Mx": 3.0,
            "My": 16.0,
            "Mz": 7.0,
            "subtract": false
          },
          {
            "mx": 0.0,
            "my": 0.0,
            "mz": 7.0,
            "Mx": 3.0,
            "My": 2.0,
            "Mz": 9.0,
            "subtract": false
          }
        ]
      },
      {
        "texture": "airlock_base_item",
        "textureTop": "",
        "textureLeft": "",
        "textureFront": "",
        "textureRight": "",
        "textureBack": "",
        "particleTexture": "",
        "renderType": 2,
        "customModelName": "airlock_up__ao_5:default",
        "luminance": 0,
        "boundingBoxes": [
          {
            "mx": 14.0,
            "my": 0.0,
            "mz": 7.0,
            "Mx": 16.0,
            "My": 14.0,
            "Mz": 9.0,
            "subtract": false
          },
          {
            "mx": 12.0,
            "my": -1.0,
            "mz": 9.0,
            "Mx": 14.0,
            "My": 16.0,
            "Mz": 11.0,
            "subtract": false
          },
          {
            "mx": 13.0,
            "my": 14.0,
            "mz": 6.0,
            "Mx": 16.0,
            "My": 16.0,
            "Mz": 10.0,
            "subtract": false
          },
          {
            "mx": 0.0,
            "my": 2.0,
            "mz": 6.0,
            "Mx": 1.0,
            "My": 16.0,
            "Mz": 10.0,
            "subtract": false
          },
          {
            "mx": 0.0,
            "my": -1.0,
            "mz": 5.0,
            "Mx": 1.0,
            "My": 16.0,
            "Mz": 7.0,
            "subtract": false
          },
          {
            "mx": 0.0,
            "my": 0.0,
            "mz": 7.0,
            "Mx": 1.0,
            "My": 2.0,
            "Mz": 9.0,
            "subtract": false
          }
        ]
      },
      {
        "texture": "airlock_base_item",
        "textureTop": "",
        "textureLeft": "",
        "textureFront": "",
        "textureRight": "",
        "textureBack": "",
        "particleTexture": "",
        "renderType": 2,
        "customModelName": "airlock_up__ao_6:default",
        "luminance": 0,
        "boundingBoxes": [
          {
            "mx": 15.0,
            "my": 0.0,
            "mz": 7.0,
            "Mx": 16.0,
            "My": 14.0,
            "Mz": 9.0,
            "subtract": false
          },
          {
            "mx": 13.0,
            "my": -1.0,
            "mz": 9.0,
            "Mx": 15.0,
            "My": 16.0,
            "Mz": 11.0,
            "subtract": false
          },
          {
            "mx": 14.0,
            "my": 14.0,
            "mz": 6.0,
            "Mx": 16.0,
            "My": 16.0,
            "Mz": 10.0,
            "subtract": false
          },
          {
            "mx": 0.0,
            "my": 2.0,
            "mz": 6.0,
            "Mx": 0.0,
            "My": 16.0,
            "Mz": 10.0,
            "subtract": false
          },
          {
            "mx": 0.0,
            "my": -1.0,
            "mz": 5.0,
            "Mx": 0.0,
            "My": 16.0,
            "Mz": 7.0,
            "subtract": false
          },
          {
            "mx": 0.0,
            "my": 0.0,
            "mz": 7.0,
            "Mx": 0.0,
            "My": 2.0,
            "Mz": 9.0,
            "subtract": false
          }
        ]
      }
    ]
  }
}