{
  "_fv": 79,
  "_type": "procedure",
  "definition": {
    "procedurexml": "<xml xmlns=\"https://developers.google.com/blockly/xml\"><variables><variable type=\"Number\" id=\"rand\">rand</variable></variables><block type=\"event_trigger\" deletable=\"false\" x=\"40\" y=\"40\"><field name=\"trigger\">no_ext_trigger</field><next><block type=\"entity_open_gui\"><field name=\"guiname\">IDcode</field><value name=\"entity\"><block type=\"entity_from_deps\"></block></value><value name=\"x\"><block type=\"coord_x\"></block></value><value name=\"y\"><block type=\"coord_y\"></block></value><value name=\"z\"><block type=\"coord_z\"></block></value><next><block type=\"variables_set_number\"><mutation xmlns=\"http://www.w3.org/1999/xhtml\" is_player_var=\"false\" has_entity=\"false\"></mutation><field name=\"VAR\">local:rand</field><value name=\"VAL\"><block type=\"math_random_int_between\"><value name=\"min\"><block type=\"math_number\"><field name=\"NUM\">1</field></block></value><value name=\"max\"><block type=\"math_number\"><field name=\"NUM\">3</field></block></value></block></value><next><block type=\"controls_if\"><mutation elseif=\"2\"></mutation><value name=\"IF0\"><block type=\"math_binary_ops\"><field name=\"OP\">LT</field><value name=\"A\"><block type=\"variables_get_number\"><mutation xmlns=\"http://www.w3.org/1999/xhtml\" is_player_var=\"false\" has_entity=\"false\"></mutation><field name=\"VAR\">local:rand</field></block></value><value name=\"B\"><block type=\"math_number\"><field name=\"NUM\">2</field></block></value></block></value><statement name=\"DO0\"><block type=\"play_sound\"><field name=\"sound\">CUSTOM:console_use_1</field><field name=\"soundcategory\">neutral</field><value name=\"x\"><block type=\"coord_x\"></block></value><value name=\"y\"><block type=\"coord_y\"></block></value><value name=\"z\"><block type=\"coord_z\"></block></value><value name=\"level\"><block type=\"math_number\"><field name=\"NUM\">1</field></block></value><value name=\"pitch\"><block type=\"math_random_number_between\"><value name=\"min\"><block type=\"math_number\"><field name=\"NUM\">0.85</field></block></value><value name=\"max\"><block type=\"math_number\"><field name=\"NUM\">1.15</field></block></value></block></value></block></statement><value name=\"IF1\"><block type=\"math_binary_ops\"><field name=\"OP\">EQ</field><value name=\"A\"><block type=\"variables_get_number\"><mutation xmlns=\"http://www.w3.org/1999/xhtml\" is_player_var=\"false\" has_entity=\"false\"></mutation><field name=\"VAR\">local:rand</field></block></value><value name=\"B\"><block type=\"math_number\"><field name=\"NUM\">2</field></block></value></block></value><statement name=\"DO1\"><block type=\"play_sound\"><field name=\"sound\">CUSTOM:console_use_2</field><field name=\"soundcategory\">neutral</field><value name=\"x\"><block type=\"coord_x\"></block></value><value name=\"y\"><block type=\"coord_y\"></block></value><value name=\"z\"><block type=\"coord_z\"></block></value><value name=\"level\"><block type=\"math_number\"><field name=\"NUM\">1</field></block></value><value name=\"pitch\"><block type=\"math_random_number_between\"><value name=\"min\"><block type=\"math_number\"><field name=\"NUM\">0.85</field></block></value><value name=\"max\"><block type=\"math_number\"><field name=\"NUM\">1.15</field></block></value></block></value></block></statement><value name=\"IF2\"><block type=\"math_binary_ops\"><field name=\"OP\">GT</field><value name=\"A\"><block type=\"variables_get_number\"><mutation xmlns=\"http://www.w3.org/1999/xhtml\" is_player_var=\"false\" has_entity=\"false\"></mutation><field name=\"VAR\">local:rand</field></block></value><value name=\"B\"><block type=\"math_number\"><field name=\"NUM\">2</field></block></value></block></value><statement name=\"DO2\"><block type=\"play_sound\"><field name=\"sound\">CUSTOM:console_use_3</field><field name=\"soundcategory\">neutral</field><value name=\"x\"><block type=\"coord_x\"></block></value><value name=\"y\"><block type=\"coord_y\"></block></value><value name=\"z\"><block type=\"coord_z\"></block></value><value name=\"level\"><block type=\"math_number\"><field name=\"NUM\">1</field></block></value><value name=\"pitch\"><block type=\"math_random_number_between\"><value name=\"min\"><block type=\"math_number\"><field name=\"NUM\">0.85</field></block></value><value name=\"max\"><block type=\"math_number\"><field name=\"NUM\">1.15</field></block></value></block></value></block></statement></block></next></block></next></block></next></block></xml>",
    "skipDependencyNullCheck": false
  }
}