{
  "_fv": 79,
  "_type": "procedure",
  "definition": {
    "procedurexml": "<xml xmlns=\"https://developers.google.com/blockly/xml\"><block type=\"event_trigger\" deletable=\"false\" x=\"484\" y=\"3\"><field name=\"trigger\">player_ticks</field></block><block type=\"entity_send_chat\" x=\"482\" y=\"108\"><value name=\"text\"><block type=\"text\"><field name=\"TEXT\">================</field></block></value><value name=\"entity\"><block type=\"entity_from_deps\"></block></value><value name=\"actbar\"><block type=\"logic_boolean\"><field name=\"BOOL\">FALSE</field></block></value><next><block type=\"entity_send_chat\"><value name=\"text\"><block type=\"text_join\"><mutation items=\"2\"></mutation><value name=\"ADD0\"><block type=\"text\"><field name=\"TEXT\">  Атрибут:  </field></block></value><value name=\"ADD1\"><block type=\"entity_get_attribute_value\"><field name=\"attribute\">CUSTOM:GasAnGUIatrib</field><value name=\"entity\"><block type=\"entity_from_deps\"></block></value></block></value></block></value><value name=\"entity\"><block type=\"entity_from_deps\"></block></value><value name=\"actbar\"><block type=\"logic_boolean\"><field name=\"BOOL\">FALSE</field></block></value></block></next></block></xml>",
    "skipDependencyNullCheck": false
  }
}