{
  "_fv": 79,
  "_type": "gui",
  "definition": {
    "type": 1,
    "width": 176,
    "height": 166,
    "inventoryOffsetX": 0,
    "inventoryOffsetY": 0,
    "renderBgLayer": true,
    "doesPauseGame": false,
    "components": [
      {
        "type": "outputslot",
        "data": {
          "color": {
            "value": -8355712,
            "falpha": 0.0
          },
          "id": 1,
          "disablePickup": {
            "fixedValue": false
          },
          "dropItemsWhenNotBound": false,
          "x": 169,
          "y": 46,
          "locked": false
        }
      },
      {
        "type": "outputslot",
        "data": {
          "id": 2,
          "disablePickup": {
            "fixedValue": false
          },
          "dropItemsWhenNotBound": true,
          "x": 187,
          "y": 46,
          "locked": false
        }
      },
      {
        "type": "outputslot",
        "data": {
          "color": {
            "value": -8728454,
            "falpha": 0.0
          },
          "id": 3,
          "disablePickup": {
            "fixedValue": false
          },
          "dropItemsWhenNotBound": true,
          "x": 205,
          "y": 46,
          "locked": false
        }
      },
      {
        "type": "outputslot",
        "data": {
          "id": 4,
          "disablePickup": {
            "fixedValue": false
          },
          "dropItemsWhenNotBound": true,
          "x": 223,
          "y": 46,
          "locked": false
        }
      },
      {
        "type": "outputslot",
        "data": {
          "color": {
            "value": -8355712,
            "falpha": 0.0
          },
          "id": 5,
          "disablePickup": {
            "fixedValue": false
          },
          "dropItemsWhenNotBound": true,
          "x": 241,
          "y": 46,
          "locked": false
        }
      },
      {
        "type": "outputslot",
        "data": {
          "id": 0,
          "disablePickup": {
            "fixedValue": false
          },
          "dropItemsWhenNotBound": true,
          "x": 205,
          "y": 92,
          "locked": false
        }
      },
      {
        "type": "imagebutton",
        "data": {
          "name": "imagebutton_strelka3",
          "image": "strelka3.png",
          "hoveredImage": "",
          "x": 205,
          "y": 69,
          "locked": false
        }
      },
      {
        "type": "imagebutton",
        "data": {
          "name": "imagebutton_autolate_button_1",
          "image": "autolate_button_1.png",
          "hoveredImage": "",
          "x": 159,
          "y": 47,
          "locked": false
        }
      },
      {
        "type": "imagebutton",
        "data": {
          "name": "imagebutton_autolate_button_5",
          "image": "autolate_button_5.png",
          "hoveredImage": "",
          "x": 261,
          "y": 47,
          "locked": false
        }
      }
    ],
    "gridSettings": {
      "sx": 18,
      "sy": 18,
      "ox": 11,
      "oy": 15,
      "snapOnGrid": false
    }
  }
}