{
  "_fv": 79,
  "_type": "tool",
  "definition": {
    "toolType": "Special",
    "renderType": 1,
    "blockingRenderType": 0,
    "texture": "gas_analyset_item",
    "customModelName": "gas_analyzer:default",
    "blockingModelName": "Normal blocking",
    "guiTexture": "gas_analyset_item",
    "name": "Gas Analyser",
    "specialInformation": {
      "fixedValue": []
    },
    "creativeTabs": [
      {
        "value": "CUSTOM:SSC14creativev"
      }
    ],
    "efficiency": 1.0,
    "attackSpeed": 1.0,
    "enchantability": 1,
    "damageVsEntity": 0.5,
    "usageCount": 0,
    "glowCondition": {
      "fixedValue": false
    },
    "repairItems": [],
    "immuneToFire": true,
    "blockDropsTier": "WOOD",
    "blocksAffected": [],
    "stayInGridWhenCrafting": false,
    "damageOnCrafting": false,
    "onRightClickedInAir": {
      "name": "GasAnalyser_Activ"
    }
  }
}