{
  "_fv": 79,
  "_type": "item",
  "definition": {
    "renderType": 0,
    "texture": "debug_code_give",
    "customModelName": "Normal",
    "guiTexture": "",
    "customProperties": {},
    "states": [],
    "animations": [],
    "name": "[DEBUG] O2 HandGenerator",
    "rarity": "EPIC",
    "creativeTabs": [
      {
        "value": "OP_BLOCKS"
      }
    ],
    "stackSize": 1,
    "enchantability": 0,
    "useDuration": 0,
    "toolType": 1.0,
    "damageCount": 0,
    "recipeRemainder": {
      "value": ""
    },
    "destroyAnyBlock": false,
    "immuneToFire": true,
    "isPiglinCurrency": false,
    "stayInGridWhenCrafting": false,
    "damageOnCrafting": false,
    "enableMeleeDamage": false,
    "damageVsEntity": 0.0,
    "specialInformation": {
      "fixedValue": [
        "При нажатии ПКМ добавляет 100 кПа O2 к блоку, где вы находитесь"
      ]
    },
    "glowCondition": {
      "fixedValue": true
    },
    "inventorySize": 9,
    "inventoryStackSize": 99,
    "onRightClickedInAir": {
      "name": "O2_DEBUG_handgenerator_Pr"
    },
    "enableRanged": false,
    "shootConstantly": false,
    "rangedItemChargesPower": false,
    "projectile": {
      "value": "Arrow"
    },
    "projectileDisableAmmoCheck": false,
    "isFood": false,
    "nutritionalValue": 4,
    "saturation": 0.3,
    "eatResultItem": {
      "value": ""
    },
    "isMeat": false,
    "isAlwaysEdible": false,
    "animation": "none",
    "isMusicDisc": false,
    "musicDiscMusic": {
      "value": ""
    },
    "musicDiscDescription": "",
    "musicDiscLengthInTicks": 100,
    "musicDiscAnalogOutput": 0,
    "providedBannerPatterns": []
  }
}