{
  "_fv": 79,
  "_type": "procedure",
  "definition": {
    "procedurexml": "<xml xmlns=\"https://developers.google.com/blockly/xml\"><block type=\"event_trigger\" deletable=\"false\" x=\"40\" y=\"40\"><field name=\"trigger\">no_ext_trigger</field><next><block type=\"controls_if\"><value name=\"IF0\"><block type=\"compare_mcblocks\"><value name=\"a\"><block type=\"world_data_blockat\"><value name=\"x\"><block type=\"entity_lookpos_x\" collapsed=\"true\"><field name=\"fluid_mode\">NONE</field><field name=\"block_mode\">OUTLINE</field><value name=\"entity\"><block type=\"entity_from_deps\"></block></value><value name=\"maxdistance\"><block type=\"math_number\"><field name=\"NUM\">5</field></block></value></block></value><value name=\"y\"><block type=\"entity_lookpos_y\" collapsed=\"true\"><field name=\"fluid_mode\">NONE</field><field name=\"block_mode\">OUTLINE</field><value name=\"entity\"><block type=\"entity_from_deps\"></block></value><value name=\"maxdistance\"><block type=\"math_number\"><field name=\"NUM\">5</field></block></value></block></value><value name=\"z\"><block type=\"entity_lookpos_z\" collapsed=\"true\"><field name=\"fluid_mode\">NONE</field><field name=\"block_mode\">OUTLINE</field><value name=\"entity\"><block type=\"entity_from_deps\"></block></value><value name=\"maxdistance\"><block type=\"math_number\"><field name=\"NUM\">5</field></block></value></block></value></block></value><value name=\"b\"><block type=\"mcitem_allblocks\"><field name=\"value\">CUSTOM:ConsoleOfID</field></block></value></block></value><statement name=\"DO0\"><block type=\"block_set_direction\"><value name=\"x\"><block type=\"entity_lookpos_x\" collapsed=\"true\"><field name=\"fluid_mode\">NONE</field><field name=\"block_mode\">OUTLINE</field><value name=\"entity\"><block type=\"entity_from_deps\"></block></value><value name=\"maxdistance\"><block type=\"math_number\"><field name=\"NUM\">5</field></block></value></block></value><value name=\"y\"><block type=\"entity_lookpos_y\" collapsed=\"true\"><field name=\"fluid_mode\">NONE</field><field name=\"block_mode\">OUTLINE</field><value name=\"entity\"><block type=\"entity_from_deps\"></block></value><value name=\"maxdistance\"><block type=\"math_number\"><field name=\"NUM\">5</field></block></value></block></value><value name=\"z\"><block type=\"entity_lookpos_z\" collapsed=\"true\"><field name=\"fluid_mode\">NONE</field><field name=\"block_mode\">OUTLINE</field><value name=\"entity\"><block type=\"entity_from_deps\"></block></value><value name=\"maxdistance\"><block type=\"math_number\"><field name=\"NUM\">5</field></block></value></block></value><value name=\"direction\"><block type=\"direction_rotated_clockwise\"><value name=\"direction\"><block type=\"blockstate_get_direction\"><value name=\"block\"><block type=\"world_data_blockat\"><value name=\"x\"><block type=\"entity_lookpos_x\" collapsed=\"true\"><field name=\"fluid_mode\">NONE</field><field name=\"block_mode\">OUTLINE</field><value name=\"entity\"><block type=\"entity_from_deps\"></block></value><value name=\"maxdistance\"><block type=\"math_number\"><field name=\"NUM\">5</field></block></value></block></value><value name=\"y\"><block type=\"entity_lookpos_y\" collapsed=\"true\"><field name=\"fluid_mode\">NONE</field><field name=\"block_mode\">OUTLINE</field><value name=\"entity\"><block type=\"entity_from_deps\"></block></value><value name=\"maxdistance\"><block type=\"math_number\"><field name=\"NUM\">5</field></block></value></block></value><value name=\"z\"><block type=\"entity_lookpos_z\" collapsed=\"true\"><field name=\"fluid_mode\">NONE</field><field name=\"block_mode\">OUTLINE</field><value name=\"entity\"><block type=\"entity_from_deps\"></block></value><value name=\"maxdistance\"><block type=\"math_number\"><field name=\"NUM\">5</field></block></value></block></value></block></value></block></value></block></value></block></statement></block></next></block></xml>",
    "skipDependencyNullCheck": false
  }
}