{
  "_fv": 79,
  "_type": "procedure",
  "definition": {
    "procedurexml": "<xml xmlns=\"https://developers.google.com/blockly/xml\"><block type=\"event_trigger\" deletable=\"false\" x=\"40\" y=\"40\"><field name=\"trigger\">no_ext_trigger</field><next><block type=\"controls_if\"><value name=\"IF0\"><block type=\"math_binary_ops\"><field name=\"OP\">EQ</field><value name=\"A\"><block type=\"item_nbt_num_get\"><value name=\"tagName\"><block type=\"text\"><field name=\"TEXT\">fuel</field></block></value><value name=\"item\"><block type=\"entity_iteminhand\"><value name=\"entity\"><block type=\"entity_from_deps\"></block></value></block></value></block></value><value name=\"B\"><block type=\"math_number\"><field name=\"NUM\">0</field></block></value></block></value><statement name=\"DO0\"><block type=\"item_nbt_num_set\"><value name=\"tagName\"><block type=\"text\"><field name=\"TEXT\">fuel</field></block></value><value name=\"item\"><block type=\"itemstack_to_mcitem\"></block></value><value name=\"tagValue\"><block type=\"math_number\"><field name=\"NUM\">10001</field></block></value></block></statement><next><block type=\"entity_send_chat\"><value name=\"text\"><block type=\"text_join\"><mutation items=\"2\"></mutation><value name=\"ADD0\"><block type=\"text\"><field name=\"TEXT\">Fuel:  </field></block></value><value name=\"ADD1\"><block type=\"math_singular_ops\"><field name=\"OP\">ROUND</field><value name=\"NUM\"><block type=\"math_dual_ops\"><field name=\"OP\">DIVIDE_DOUBLE</field><value name=\"A\"><block type=\"math_dual_ops\"><field name=\"OP\">MINUS</field><value name=\"A\"><block type=\"item_nbt_num_get\"><value name=\"tagName\"><block type=\"text\"><field name=\"TEXT\">fuel</field></block></value><value name=\"item\"><block type=\"entity_iteminhand\"><value name=\"entity\"><block type=\"entity_from_deps\"></block></value></block></value></block></value><value name=\"B\"><block type=\"math_number\"><field name=\"NUM\">1</field></block></value></block></value><value name=\"B\"><block type=\"math_number\"><field name=\"NUM\">100</field></block></value></block></value></block></value></block></value><value name=\"entity\"><block type=\"entity_from_deps\"></block></value><value name=\"actbar\"><block type=\"logic_boolean\"><field name=\"BOOL\">TRUE</field></block></value></block></next></block></next></block></xml>",
    "skipDependencyNullCheck": false
  }
}