{
  "credit": "Made with Blockbench",
  "texture_size": [
    64,
    64
  ],
  "elements": [
    {
      "from": [
        14,
        0,
        7
      ],
      "to": [
        16,
        14,
        9
      ],
      "rotation": {
        "angle": 0,
        "axis": "y",
        "origin": [
          15,
          -2,
          7
        ]
      },
      "faces": {
        "north": {
          "uv": [
            1,
            3.5,
            1.5,
            7
          ],
          "texture": "#1"
        },
        "east": {
          "uv": [
            2.5,
            7,
            3,
            10.5
          ],
          "texture": "#1"
        },
        "south": {
          "uv": [
            1.5,
            3.5,
            2,
            7
          ],
          "texture": "#1"
        },
        "west": {
          "uv": [
            3,
            7,
            3.5,
            10.5
          ],
          "texture": "#1"
        },
        "up": {
          "uv": [
            5,
            7.5,
            3.5,
            7
          ],
          "texture": "#1"
        },
        "down": {
          "uv": [
            8.5,
            7,
            7,
            7.5
          ],
          "texture": "#1"
        }
      }
    },
    {
      "from": [
        12,
        -1,
        9
      ],
      "to": [
        14,
        16,
        11
      ],
      "rotation": {
        "angle": 0,
        "axis": "y",
        "origin": [
          12,
          1,
          9
        ]
      },
      "faces": {
        "north": {
          "uv": [
            6,
            5.5,
            6.5,
            9.75
          ],
          "texture": "#1"
        },
        "east": {
          "uv": [
            0,
            7,
            0.5,
            11.25
          ],
          "texture": "#1"
        },
        "south": {
          "uv": [
            0.5,
            7,
            1,
            11.25
          ],
          "texture": "#1"
        },
        "west": {
          "uv": [
            1,
            7,
            1.5,
            11.25
          ],
          "texture": "#1"
        },
        "up": {
          "uv": [
            8.25,
            5.5,
            7.75,
            5
          ],
          "texture": "#1"
        },
        "down": {
          "uv": [
            8.5,
            0,
            8,
            0.5
          ],
          "texture": "#1"
        }
      }
    },
    {
      "from": [
        13,
        14,
        6
      ],
      "to": [
        16,
        16,
        10
      ],
      "rotation": {
        "angle": 0,
        "axis": "y",
        "origin": [
          15,
          0,
          7
        ]
      },
      "faces": {
        "north": {
          "uv": [
            7.5,
            2,
            8.25,
            2.5
          ],
          "texture": "#1"
        },
        "east": {
          "uv": [
            3.5,
            7.5,
            4.5,
            8
          ],
          "texture": "#1"
        },
        "south": {
          "uv": [
            6,
            2.5,
            6.75,
            3
          ],
          "texture": "#1"
        },
        "west": {
          "uv": [
            7,
            7.5,
            8,
            8
          ],
          "texture": "#1"
        },
        "up": {
          "uv": [
            7.25,
            4.5,
            6.5,
            3.5
          ],
          "texture": "#1"
        },
        "down": {
          "uv": [
            7.25,
            4.5,
            6.5,
            5.5
          ],
          "texture": "#1"
        }
      }
    },
    {
      "from": [
        0,
        2,
        6
      ],
      "to": [
        1,
        16,
        10
      ],
      "rotation": {
        "angle": 0,
        "axis": "y",
        "origin": [
          -7,
          0,
          7
        ]
      },
      "faces": {
        "north": {
          "uv": [
            0,
            0,
            0.25,
            3.5
          ],
          "texture": "#1"
        },
        "east": {
          "uv": [
            3,
            3.5,
            4,
            7
          ],
          "texture": "#1"
        },
        "south": {
          "uv": [
            3.75,
            0,
            4,
            3.5
          ],
          "texture": "#1"
        },
        "west": {
          "uv": [
            4,
            0,
            5,
            3.5
          ],
          "texture": "#1"
        },
        "up": {
          "uv": [
            6.25,
            1,
            6,
            0
          ],
          "texture": "#1"
        },
        "down": {
          "uv": [
            6.25,
            1,
            6,
            2
          ],
          "texture": "#1"
        }
      }
    },
    {
      "from": [
        0,
        -1,
        5
      ],
      "to": [
        1,
        16,
        7
      ],
      "rotation": {
        "angle": 0,
        "axis": "y",
        "origin": [
          -1,
          1,
          5
        ]
      },
      "faces": {
        "north": {
          "uv": [
            5,
            5.5,
            5.25,
            9.75
          ],
          "texture": "#1"
        },
        "east": {
          "uv": [
            5.5,
            5.5,
            6,
            9.75
          ],
          "texture": "#1"
        },
        "south": {
          "uv": [
            6,
            5.5,
            6.25,
            9.75
          ],
          "texture": "#1"
        },
        "west": {
          "uv": [
            6.5,
            5.5,
            7,
            9.75
          ],
          "texture": "#1"
        },
        "up": {
          "uv": [
            8,
            4.5,
            7.75,
            4
          ],
          "texture": "#1"
        },
        "down": {
          "uv": [
            8.25,
            4.5,
            7.75,
            5
          ],
          "texture": "#1"
        }
      }
    },
    {
      "from": [
        0,
        0,
        7
      ],
      "to": [
        1,
        2,
        9
      ],
      "rotation": {
        "angle": 0,
        "axis": "y",
        "origin": [
          -7,
          -4,
          7
        ]
      },
      "faces": {
        "north": {
          "uv": [
            6,
            3,
            6.25,
            3.5
          ],
          "texture": "#1"
        },
        "east": {
          "uv": [
            4.5,
            7.5,
            5,
            8
          ],
          "texture": "#1"
        },
        "south": {
          "uv": [
            8.75,
            5.5,
            9,
            6
          ],
          "texture": "#1"
        },
        "west": {
          "uv": [
            7.75,
            3.5,
            8.25,
            4
          ],
          "texture": "#1"
        },
        "up": {
          "uv": [
            9,
            6.5,
            7,
            6
          ],
          "texture": "#1"
        },
        "down": {
          "uv": [
            9,
            6.5,
            7,
            7
          ],
          "texture": "#1"
        }
      }
    }
  ],
  "groups": [
    {
      "name": "group",
      "origin": [
        9,
        16,
        7
      ],
      "color": 0,
      "children": [
        0,
        1,
        2
      ]
    },
    {
      "name": "group",
      "origin": [
        8,
        0,
        5
      ],
      "color": 0,
      "children": [
        3,
        4,
        5
      ]
    }
  ]
}