{
	"format_version": "1.21.6",
	"credit": "Made with Blockbench",
	"texture_size": [64, 64],
	"textures": {
		"1": "ID_Console_texture"
	},
	"elements": [
		{
			"from": [2, 0, 12],
			"to": [14, 18, 16],
			"rotation": {"angle": 0, "axis": "y", "origin": [1, 0, 13]},
			"faces": {
				"north": {"uv": [0, 0, 3, 4.5], "texture": "#1"},
				"east": {"uv": [10.75, 10.75, 11.75, 15.25], "texture": "#1"},
				"south": {"uv": [3, 0, 6, 4.5], "texture": "#1"},
				"west": {"uv": [11.75, 10.75, 10.75, 15.25], "texture": "#1"},
				"up": {"uv": [6.5, 9, 3.5, 8], "texture": "#1"},
				"down": {"uv": [14.75, 10.75, 11.75, 11.75], "texture": "#1"}
			}
		},
		{
			"from": [1, 0, 4],
			"to": [15, 13, 11],
			"rotation": {"angle": 0, "axis": "y", "origin": [1, 0, 8]},
			"faces": {
				"north": {"uv": [6, 0, 9.5, 3.25], "texture": "#1"},
				"east": {"uv": [10, 4.5, 11.75, 7.75], "texture": "#1"},
				"south": {"uv": [6.5, 3.25, 10, 6.5], "texture": "#1"},
				"west": {"uv": [11.75, 4.5, 10, 7.75], "texture": "#1"},
				"up": {"uv": [10.75, 11.25, 7.25, 9.5], "texture": "#1"},
				"down": {"uv": [13.5, 2.75, 10, 4.5], "texture": "#1"}
			}
		},
		{
			"from": [14, 9.5, 1.5],
			"to": [14, 13.5, 4.5],
			"rotation": {"angle": 0, "axis": "y", "origin": [1, 5, 8]},
			"faces": {
				"north": {"uv": [0, 0, 0, 1], "texture": "#1"},
				"east": {"uv": [1, 11, 1.75, 12], "texture": "#1"},
				"south": {"uv": [0, 0, 0, 1], "texture": "#1"},
				"west": {"uv": [1.75, 11, 1, 12], "texture": "#1"},
				"up": {"uv": [0, 0.75, 0, 0], "texture": "#1"},
				"down": {"uv": [0, 0, 0, 0.75], "texture": "#1"}
			}
		},
		{
			"from": [2, 9.5, 1.5],
			"to": [2, 13.5, 4.5],
			"rotation": {"angle": 0, "axis": "y", "origin": [1, 5, 8]},
			"faces": {
				"north": {"uv": [0, 0, 0, 1], "texture": "#1"},
				"east": {"uv": [1, 11, 1.75, 12], "texture": "#1"},
				"south": {"uv": [0, 0, 0, 1], "texture": "#1"},
				"west": {"uv": [1.75, 11, 1, 12], "texture": "#1"},
				"up": {"uv": [0, 0, 0, 0.75], "texture": "#1"},
				"down": {"uv": [0, 0, 0, 0.75], "texture": "#1"}
			}
		},
		{
			"from": [4, 9.5, 1.5],
			"to": [4, 13.5, 4.5],
			"rotation": {"angle": 0, "axis": "y", "origin": [1, 5, 8]},
			"faces": {
				"north": {"uv": [0, 0, 0, 1], "texture": "#1"},
				"east": {"uv": [1, 11, 1.75, 12], "texture": "#1"},
				"south": {"uv": [0, 0, 0, 1], "texture": "#1"},
				"west": {"uv": [1.75, 11, 1, 12], "texture": "#1"},
				"up": {"uv": [0, 0, 0, 0.75], "texture": "#1"},
				"down": {"uv": [0, 0, 0, 0.75], "texture": "#1"}
			}
		},
		{
			"from": [12, 9.5, 1.5],
			"to": [12, 13.5, 4.5],
			"rotation": {"angle": 0, "axis": "y", "origin": [1, 5, 8]},
			"faces": {
				"north": {"uv": [0, 0, 0, 1], "texture": "#1"},
				"east": {"uv": [1, 11, 1.75, 12], "texture": "#1"},
				"south": {"uv": [0, 0, 0, 1], "texture": "#1"},
				"west": {"uv": [1.75, 11, 1, 12], "texture": "#1"},
				"up": {"uv": [0, 0, 0, 0.75], "texture": "#1"},
				"down": {"uv": [0, 0, 0, 0.75], "texture": "#1"}
			}
		},
		{
			"from": [1, 13, 1],
			"to": [15, 16, 13],
			"rotation": {"angle": 0, "axis": "y", "origin": [1, 13, 8]},
			"faces": {
				"north": {"uv": [1, 12.25, 4.5, 13], "texture": "#1"},
				"east": {"uv": [11.75, 12.75, 14.75, 13.5], "texture": "#1"},
				"south": {"uv": [4.5, 12.25, 8, 13], "texture": "#1"},
				"west": {"uv": [14.75, 12.75, 11.75, 13.5], "texture": "#1"},
				"up": {"uv": [10, 9.5, 6.5, 6.5], "texture": "#1"},
				"down": {"uv": [3.5, 8, 0, 11], "texture": "#1"}
			}
		},
		{
			"name": "up_p",
			"from": [1.5, 16.25, 2],
			"to": [14.5, 16.25, 8],
			"rotation": {"angle": 0, "axis": "y", "origin": [1, 13, 8]},
			"faces": {
				"north": {"uv": [0, 0, 3.25, 0], "texture": "#1"},
				"east": {"uv": [0, 0, 1.5, 0], "texture": "#1"},
				"south": {"uv": [0, 0, 3.25, 0], "texture": "#1"},
				"west": {"uv": [0, 0, 1.5, 0], "texture": "#1"},
				"up": {"uv": [13.25, 9.25, 10, 7.75], "texture": "#1"},
				"down": {"uv": [14, 9.25, 10.75, 10.75], "texture": "#1"}
			}
		},
		{
			"from": [0.5, 13.77111, 7.39283],
			"to": [15.5, 24.77111, 11.39283],
			"rotation": {"angle": 22.5, "axis": "x", "origin": [8, 13.77067, 11.39471]},
			"faces": {
				"north": {"uv": [13.25, 2.75, 9.5, 0], "rotation": 180, "texture": "#1"},
				"east": {"uv": [11.75, 11.75, 14.5, 12.75], "rotation": 90, "texture": "#1"},
				"south": {"uv": [7.25, 9.5, 3.5, 12.25], "texture": "#1"},
				"west": {"uv": [14.5, 11.75, 11.75, 12.75], "rotation": 270, "texture": "#1"},
				"up": {"uv": [11.75, 5.5, 15.5, 6.5], "texture": "#1"},
				"down": {"uv": [11.75, 4.5, 15.5, 5.5], "rotation": 180, "texture": "#1"}
			}
		},
		{
			"from": [1.5, 5, 7],
			"to": [14.5, 19, 11],
			"rotation": {"angle": 22.5, "axis": "x", "origin": [8.5, 5, 11]},
			"faces": {
				"north": {"uv": [0, 4.5, 3.25, 8], "texture": "#1"},
				"east": {"uv": [0, 11, 1, 14.5], "texture": "#1"},
				"south": {"uv": [3.25, 4.5, 6.5, 8], "texture": "#1"},
				"west": {"uv": [1, 11, 0, 14.5], "texture": "#1"},
				"up": {"uv": [10.5, 12.25, 7.25, 11.25], "texture": "#1"},
				"down": {"uv": [15, 6.5, 11.75, 7.5], "texture": "#1"}
			}
		}
	]
}