{
  "credit": "Made with Blockbench",
  "texture_size": [
    32,
    32
  ],
  "elements": [
    {
      "from": [
        7,
        2,
        9
      ],
      "to": [
        9,
        20,
        11
      ],
      "rotation": {
        "angle": 0,
        "axis": "y",
        "origin": [
          7,
          2,
          9
        ]
      },
      "faces": {
        "north": {
          "uv": [
            3.5,
            0,
            4.5,
            9
          ],
          "texture": "#0"
        },
        "east": {
          "uv": [
            4.5,
            0,
            5.5,
            9
          ],
          "texture": "#0"
        },
        "south": {
          "uv": [
            5.5,
            0,
            6.5,
            9
          ],
          "texture": "#0"
        },
        "west": {
          "uv": [
            6.5,
            0,
            7.5,
            9
          ],
          "texture": "#0"
        },
        "up": {
          "uv": [
            7,
            10,
            6,
            9
          ],
          "texture": "#0"
        },
        "down": {
          "uv": [
            1,
            9.5,
            0,
            10.5
          ],
          "texture": "#0"
        }
      }
    },
    {
      "from": [
        7,
        20,
        8
      ],
      "to": [
        9,
        24,
        12
      ],
      "rotation": {
        "angle": 0,
        "axis": "y",
        "origin": [
          7,
          22,
          9
        ]
      },
      "faces": {
        "north": {
          "uv": [
            2.5,
            7,
            3.5,
            9
          ],
          "texture": "#0"
        },
        "east": {
          "uv": [
            7.5,
            2.5,
            9.5,
            4.5
          ],
          "texture": "#0"
        },
        "south": {
          "uv": [
            7.5,
            6.5,
            8.5,
            8.5
          ],
          "texture": "#0"
        },
        "west": {
          "uv": [
            7.5,
            4.5,
            9.5,
            6.5
          ],
          "texture": "#0"
        },
        "up": {
          "uv": [
            9.5,
            8.5,
            8.5,
            6.5
          ],
          "texture": "#0"
        },
        "down": {
          "uv": [
            8.5,
            8.5,
            7.5,
            10.5
          ],
          "texture": "#0"
        }
      }
    },
    {
      "from": [
        7.5,
        21,
        4.6
      ],
      "to": [
        8.5,
        26,
        9.6
      ],
      "rotation": {
        "angle": -45,
        "axis": "x",
        "origin": [
          8,
          22,
          8.6
        ]
      },
      "faces": {
        "north": {
          "uv": [
            4,
            9,
            4.5,
            11.5
          ],
          "texture": "#0"
        },
        "east": {
          "uv": [
            0,
            7,
            2.5,
            9.5
          ],
          "texture": "#0"
        },
        "south": {
          "uv": [
            4.5,
            9,
            5,
            11.5
          ],
          "texture": "#0"
        },
        "west": {
          "uv": [
            7.5,
            0,
            10,
            2.5
          ],
          "texture": "#0"
        },
        "up": {
          "uv": [
            5.5,
            11.5,
            5,
            9
          ],
          "texture": "#0"
        },
        "down": {
          "uv": [
            6,
            9,
            5.5,
            11.5
          ],
          "texture": "#0"
        }
      }
    },
    {
      "from": [
        8,
        21,
        2.6
      ],
      "to": [
        8,
        28,
        9.6
      ],
      "rotation": {
        "angle": -45,
        "axis": "x",
        "origin": [
          8,
          22,
          8.6
        ]
      },
      "faces": {
        "north": {
          "uv": [
            0,
            0,
            0,
            3.5
          ],
          "texture": "#0"
        },
        "east": {
          "uv": [
            0,
            0,
            3.5,
            3.5
          ],
          "texture": "#0"
        },
        "south": {
          "uv": [
            0,
            0,
            0,
            3.5
          ],
          "texture": "#0"
        },
        "west": {
          "uv": [
            3.5,
            0,
            0,
            3.5
          ],
          "texture": "#0"
        },
        "up": {
          "uv": [
            0,
            3.5,
            0,
            0
          ],
          "texture": "#0"
        },
        "down": {
          "uv": [
            0,
            0,
            0,
            3.5
          ],
          "texture": "#0"
        }
      }
    },
    {
      "from": [
        7.5,
        21.8,
        12
      ],
      "to": [
        8.5,
        23.8,
        15
      ],
      "rotation": {
        "angle": 0,
        "axis": "x",
        "origin": [
          7,
          22,
          16.7
        ]
      },
      "faces": {
        "north": {
          "uv": [
            1.5,
            9.5,
            2,
            10.5
          ],
          "texture": "#0"
        },
        "east": {
          "uv": [
            8.5,
            8.5,
            10,
            9.5
          ],
          "texture": "#0"
        },
        "south": {
          "uv": [
            2,
            9.5,
            2.5,
            10.5
          ],
          "texture": "#0"
        },
        "west": {
          "uv": [
            2.5,
            9,
            4,
            10
          ],
          "texture": "#0"
        },
        "up": {
          "uv": [
            7.5,
            10.5,
            7,
            9
          ],
          "texture": "#0"
        },
        "down": {
          "uv": [
            1.5,
            9.5,
            1,
            11
          ],
          "texture": "#0"
        }
      }
    }
  ],
  "display": {
    "thirdperson_righthand": {
      "translation": [
        0,
        -1,
        0
      ]
    },
    "thirdperson_lefthand": {
      "translation": [
        0,
        -1,
        0
      ]
    },
    "firstperson_righthand": {
      "translation": [
        0,
        -2.75,
        0
      ]
    },
    "firstperson_lefthand": {
      "translation": [
        0,
        -2.75,
        0
      ]
    },
    "ground": {
      "rotation": [
        -45,
        0,
        0
      ],
      "translation": [
        0,
        4,
        1
      ],
      "scale": [
        0.5,
        0.5,
        0.5
      ]
    },
    "gui": {
      "rotation": [
        -90,
        -45,
        -90
      ],
      "translation": [
        -3.5,
        -6.25,
        0
      ]
    },
    "head": {
      "rotation": [
        -115.75,
        0,
        0
      ],
      "translation": [
        0,
        16.5,
        10.75
      ]
    },
    "fixed": {
      "rotation": [
        -90,
        45,
        90
      ],
      "translation": [
        3.75,
        -6.25,
        0
      ]
    }
  }
}