{
  "credit": "Made with Blockbench",
  "elements": [
    {
      "from": [
        7,
        4.5,
        9
      ],
      "to": [
        9,
        6.5,
        15
      ],
      "rotation": {
        "angle": 0,
        "axis": "y",
        "origin": [
          8,
          4.5,
          11
        ]
      },
      "faces": {
        "north": {
          "uv": [
            6,
            0,
            8,
            2
          ],
          "texture": "#0"
        },
        "east": {
          "uv": [
            0,
            0,
            6,
            2
          ],
          "texture": "#0"
        },
        "south": {
          "uv": [
            6,
            2,
            8,
            4
          ],
          "texture": "#0"
        },
        "west": {
          "uv": [
            0,
            2,
            6,
            4
          ],
          "texture": "#0"
        },
        "up": {
          "uv": [
            2,
            10,
            0,
            4
          ],
          "texture": "#0"
        },
        "down": {
          "uv": [
            4,
            4,
            2,
            10
          ],
          "texture": "#0"
        }
      }
    },
    {
      "from": [
        7,
        4.5,
        7
      ],
      "to": [
        9,
        6.5,
        8
      ],
      "rotation": {
        "angle": 0,
        "axis": "y",
        "origin": [
          8,
          4.5,
          3
        ]
      },
      "faces": {
        "north": {
          "uv": [
            6,
            6,
            8,
            8
          ],
          "texture": "#0"
        },
        "east": {
          "uv": [
            8,
            2,
            9,
            4
          ],
          "texture": "#0"
        },
        "south": {
          "uv": [
            8,
            0,
            10,
            2
          ],
          "texture": "#0"
        },
        "west": {
          "uv": [
            6,
            8,
            7,
            10
          ],
          "texture": "#0"
        },
        "up": {
          "uv": [
            10,
            7,
            8,
            6
          ],
          "texture": "#0"
        },
        "down": {
          "uv": [
            9,
            8,
            7,
            9
          ],
          "texture": "#0"
        }
      }
    },
    {
      "from": [
        7.5,
        5,
        0
      ],
      "to": [
        8.5,
        6,
        9
      ],
      "rotation": {
        "angle": 0,
        "axis": "y",
        "origin": [
          7.5,
          4,
          2
        ]
      },
      "faces": {
        "north": {
          "uv": [
            8,
            7,
            9,
            8
          ],
          "texture": "#0"
        },
        "east": {
          "uv": [
            4,
            4,
            13,
            5
          ],
          "texture": "#0"
        },
        "south": {
          "uv": [
            9,
            2,
            10,
            3
          ],
          "texture": "#0"
        },
        "west": {
          "uv": [
            4,
            5,
            13,
            6
          ],
          "texture": "#0"
        },
        "up": {
          "uv": [
            5,
            15,
            4,
            6
          ],
          "texture": "#0"
        },
        "down": {
          "uv": [
            6,
            6,
            5,
            15
          ],
          "texture": "#0"
        }
      }
    }
  ],
  "display": {
    "thirdperson_righthand": {
      "rotation": [
        90,
        0,
        0
      ],
      "translation": [
        0,
        2,
        4.25
      ]
    },
    "thirdperson_lefthand": {
      "rotation": [
        90,
        0,
        0
      ],
      "translation": [
        0,
        2,
        4.25
      ]
    },
    "firstperson_righthand": {
      "translation": [
        0,
        5.25,
        0
      ]
    },
    "firstperson_lefthand": {
      "translation": [
        0,
        5.25,
        0
      ]
    },
    "ground": {
      "translation": [
        0,
        2,
        0
      ],
      "scale": [
        0.5,
        0.5,
        0.5
      ]
    },
    "gui": {
      "rotation": [
        0,
        -90,
        0
      ],
      "translation": [
        -0.5,
        2.25,
        0
      ]
    },
    "head": {
      "translation": [
        0,
        10,
        0
      ]
    },
    "fixed": {
      "rotation": [
        0,
        90,
        0
      ],
      "translation": [
        0.5,
        0,
        0
      ]
    }
  }
}