{
  "credit": "Made with Blockbench",
  "texture_size": [
    64,
    64
  ],
  "elements": [
    {
      "from": [
        0,
        14,
        0
      ],
      "to": [
        16,
        16,
        16
      ],
      "rotation": {
        "angle": 0,
        "axis": "y",
        "origin": [
          8,
          14,
          8
        ]
      },
      "faces": {
        "north": {
          "uv": [
            8,
            7,
            12,
            7.5
          ],
          "texture": "#1"
        },
        "east": {
          "uv": [
            8,
            7.5,
            12,
            8
          ],
          "texture": "#1"
        },
        "south": {
          "uv": [
            8,
            8,
            12,
            8.5
          ],
          "texture": "#1"
        },
        "west": {
          "uv": [
            8,
            8.5,
            12,
            9
          ],
          "texture": "#1"
        },
        "up": {
          "uv": [
            4,
            11,
            0,
            7
          ],
          "texture": "#1"
        },
        "down": {
          "uv": [
            8,
            7,
            4,
            11
          ],
          "texture": "#1"
        }
      }
    },
    {
      "from": [
        8,
        0,
        -3.06371
      ],
      "to": [
        8,
        14,
        18.93629
      ],
      "rotation": {
        "angle": 45,
        "axis": "y",
        "origin": [
          8,
          0,
          8
        ]
      },
      "faces": {
        "north": {
          "uv": [
            0,
            0,
            0,
            3.5
          ],
          "texture": "#1"
        },
        "east": {
          "uv": [
            5.5,
            0,
            11,
            3.5
          ],
          "texture": "#1"
        },
        "south": {
          "uv": [
            0,
            0,
            0,
            3.5
          ],
          "texture": "#1"
        },
        "west": {
          "uv": [
            5.5,
            3.5,
            11,
            7
          ],
          "texture": "#1"
        },
        "up": {
          "uv": [
            0,
            5.5,
            0,
            0
          ],
          "texture": "#1"
        },
        "down": {
          "uv": [
            0,
            0,
            0,
            5.5
          ],
          "texture": "#1"
        }
      }
    },
    {
      "from": [
        8,
        0,
        -3.06371
      ],
      "to": [
        8,
        14,
        18.93629
      ],
      "rotation": {
        "angle": -45,
        "axis": "y",
        "origin": [
          8,
          0,
          8
        ]
      },
      "faces": {
        "north": {
          "uv": [
            0,
            0,
            0,
            3.5
          ],
          "texture": "#1"
        },
        "east": {
          "uv": [
            0,
            0,
            5.5,
            3.5
          ],
          "texture": "#1"
        },
        "south": {
          "uv": [
            0,
            0,
            0,
            3.5
          ],
          "texture": "#1"
        },
        "west": {
          "uv": [
            0,
            3.5,
            5.5,
            7
          ],
          "texture": "#1"
        },
        "up": {
          "uv": [
            0,
            5.5,
            0,
            0
          ],
          "texture": "#1"
        },
        "down": {
          "uv": [
            0,
            0,
            0,
            5.5
          ],
          "texture": "#1"
        }
      }
    }
  ]
}