{
  "credit": "Made with Blockbench",
  "texture_size": [
    64,
    64
  ],
  "elements": [
    {
      "from": [
        0,
        0,
        0
      ],
      "to": [
        16,
        2,
        16
      ],
      "rotation": {
        "angle": 0,
        "axis": "y",
        "origin": [
          8,
          2,
          8
        ]
      },
      "faces": {
        "north": {
          "uv": [
            5.5,
            0,
            9.5,
            0.5
          ],
          "texture": "#2"
        },
        "east": {
          "uv": [
            5.5,
            0.5,
            9.5,
            1
          ],
          "texture": "#2"
        },
        "south": {
          "uv": [
            5.5,
            1,
            9.5,
            1.5
          ],
          "texture": "#2"
        },
        "west": {
          "uv": [
            5.5,
            1.5,
            9.5,
            2
          ],
          "texture": "#2"
        },
        "up": {
          "uv": [
            4,
            7.5,
            0,
            3.5
          ],
          "texture": "#2"
        },
        "down": {
          "uv": [
            8,
            3.5,
            4,
            7.5
          ],
          "texture": "#2"
        }
      }
    },
    {
      "from": [
        8,
        0,
        -3.06371
      ],
      "to": [
        8,
        14,
        18.93629
      ],
      "rotation": {
        "angle": 45,
        "axis": "y",
        "origin": [
          8,
          0,
          8
        ]
      },
      "faces": {
        "north": {
          "uv": [
            0,
            0,
            0,
            3.5
          ],
          "texture": "#2"
        },
        "east": {
          "uv": [
            0,
            0,
            5.5,
            3.5
          ],
          "texture": "#2"
        },
        "south": {
          "uv": [
            0,
            0,
            0,
            3.5
          ],
          "texture": "#2"
        },
        "west": {
          "uv": [
            0,
            0,
            5.5,
            3.5
          ],
          "texture": "#2"
        },
        "up": {
          "uv": [
            0,
            5.5,
            0,
            0
          ],
          "texture": "#2"
        },
        "down": {
          "uv": [
            0,
            0,
            0,
            5.5
          ],
          "texture": "#2"
        }
      }
    },
    {
      "from": [
        8,
        0,
        -3.06371
      ],
      "to": [
        8,
        14,
        18.93629
      ],
      "rotation": {
        "angle": -45,
        "axis": "y",
        "origin": [
          8,
          0,
          8
        ]
      },
      "faces": {
        "north": {
          "uv": [
            0,
            0,
            0,
            3.5
          ],
          "texture": "#2"
        },
        "east": {
          "uv": [
            0,
            0,
            5.5,
            3.5
          ],
          "texture": "#2"
        },
        "south": {
          "uv": [
            0,
            0,
            0,
            3.5
          ],
          "texture": "#2"
        },
        "west": {
          "uv": [
            0,
            0,
            5.5,
            3.5
          ],
          "texture": "#2"
        },
        "up": {
          "uv": [
            0,
            5.5,
            0,
            0
          ],
          "texture": "#2"
        },
        "down": {
          "uv": [
            0,
            0,
            0,
            5.5
          ],
          "texture": "#2"
        }
      }
    }
  ]
}