{
  "credit": "Made with Blockbench",
  "texture_size": [
    32,
    32
  ],
  "elements": [
    {
      "from": [
        7,
        0,
        8
      ],
      "to": [
        9,
        2,
        11
      ],
      "rotation": {
        "angle": 0,
        "axis": "y",
        "origin": [
          8,
          1,
          9.5
        ]
      },
      "faces": {
        "north": {
          "uv": [
            1,
            6.5,
            2,
            7.5
          ],
          "texture": "#0"
        },
        "east": {
          "uv": [
            4.5,
            3.5,
            6,
            4.5
          ],
          "texture": "#0"
        },
        "south": {
          "uv": [
            6.5,
            1.5,
            7.5,
            2.5
          ],
          "texture": "#0"
        },
        "west": {
          "uv": [
            4,
            4.5,
            5.5,
            5.5
          ],
          "texture": "#0"
        },
        "up": {
          "uv": [
            4.5,
            3,
            3.5,
            1.5
          ],
          "texture": "#0"
        },
        "down": {
          "uv": [
            6,
            0,
            5,
            1.5
          ],
          "texture": "#0"
        }
      }
    },
    {
      "from": [
        7.5,
        0.5,
        6
      ],
      "to": [
        8.5,
        1.5,
        8
      ],
      "rotation": {
        "angle": 0,
        "axis": "y",
        "origin": [
          7.5,
          1.5,
          6.5
        ]
      },
      "faces": {
        "north": {
          "uv": [
            5.5,
            3,
            6,
            3.5
          ],
          "texture": "#0"
        },
        "east": {
          "uv": [
            7.5,
            2,
            8.5,
            2.5
          ],
          "texture": "#0"
        },
        "south": {
          "uv": [
            5,
            5.5,
            5.5,
            6
          ],
          "texture": "#0"
        },
        "west": {
          "uv": [
            7.5,
            2.5,
            8.5,
            3
          ],
          "texture": "#0"
        },
        "up": {
          "uv": [
            8,
            4,
            7.5,
            3
          ],
          "texture": "#0"
        },
        "down": {
          "uv": [
            8,
            4,
            7.5,
            5
          ],
          "texture": "#0"
        }
      }
    },
    {
      "from": [
        7.5,
        1,
        5
      ],
      "to": [
        8.5,
        5,
        6
      ],
      "rotation": {
        "angle": 0,
        "axis": "y",
        "origin": [
          7.5,
          2.5,
          6.5
        ]
      },
      "faces": {
        "north": {
          "uv": [
            3,
            6.5,
            3.5,
            8.5
          ],
          "texture": "#0"
        },
        "east": {
          "uv": [
            3.5,
            6.5,
            4,
            8.5
          ],
          "texture": "#0"
        },
        "south": {
          "uv": [
            7,
            2.5,
            7.5,
            4.5
          ],
          "texture": "#0"
        },
        "west": {
          "uv": [
            4,
            7,
            4.5,
            9
          ],
          "texture": "#0"
        },
        "up": {
          "uv": [
            7,
            3,
            6.5,
            2.5
          ],
          "texture": "#0"
        },
        "down": {
          "uv": [
            7,
            5.5,
            6.5,
            6
          ],
          "texture": "#0"
        }
      }
    },
    {
      "from": [
        8,
        2.5,
        5.75
      ],
      "to": [
        8,
        5.5,
        6.75
      ],
      "rotation": {
        "angle": 0,
        "axis": "y",
        "origin": [
          8,
          5,
          7.25
        ]
      },
      "faces": {
        "north": {
          "uv": [
            0,
            0,
            0,
            1.5
          ],
          "texture": "#0"
        },
        "east": {
          "uv": [
            4.5,
            7,
            5,
            8.5
          ],
          "texture": "#0"
        },
        "south": {
          "uv": [
            0,
            0,
            0,
            1.5
          ],
          "texture": "#0"
        },
        "west": {
          "uv": [
            1,
            7.5,
            1.5,
            9
          ],
          "texture": "#0"
        },
        "up": {
          "uv": [
            0,
            0.5,
            0,
            0
          ],
          "texture": "#0"
        },
        "down": {
          "uv": [
            0,
            0,
            0,
            0.5
          ],
          "texture": "#0"
        }
      }
    },
    {
      "from": [
        8,
        4.25,
        11
      ],
      "to": [
        8,
        6.25,
        14
      ],
      "rotation": {
        "angle": 22.5,
        "axis": "x",
        "origin": [
          8,
          6.75,
          12.5
        ]
      },
      "faces": {
        "north": {
          "uv": [
            0,
            0,
            0,
            1.5
          ],
          "texture": "#0"
        },
        "east": {
          "uv": [
            0,
            9.5,
            1.5,
            10.5
          ],
          "texture": "#0"
        },
        "south": {
          "uv": [
            0,
            0,
            0,
            1.5
          ],
          "texture": "#0"
        },
        "west": {
          "uv": [
            1.5,
            9.5,
            0,
            10.5
          ],
          "texture": "#0"
        },
        "up": {
          "uv": [
            0,
            0.5,
            0,
            0
          ],
          "texture": "#0"
        },
        "down": {
          "uv": [
            0,
            0,
            0,
            0.5
          ],
          "texture": "#0"
        }
      }
    },
    {
      "from": [
        6.5,
        5,
        4
      ],
      "to": [
        9.5,
        8,
        11
      ],
      "rotation": {
        "angle": 0,
        "axis": "y",
        "origin": [
          8.5,
          6,
          9.5
        ]
      },
      "faces": {
        "north": {
          "uv": [
            3,
            3,
            4.5,
            4.5
          ],
          "texture": "#0"
        },
        "east": {
          "uv": [
            0,
            0,
            3.5,
            1.5
          ],
          "texture": "#0"
        },
        "south": {
          "uv": [
            3.5,
            0,
            5,
            1.5
          ],
          "texture": "#0"
        },
        "west": {
          "uv": [
            0,
            1.5,
            3.5,
            3
          ],
          "texture": "#0"
        },
        "up": {
          "uv": [
            1.5,
            6.5,
            0,
            3
          ],
          "texture": "#0"
        },
        "down": {
          "uv": [
            3,
            3,
            1.5,
            6.5
          ],
          "texture": "#0"
        }
      }
    },
    {
      "from": [
        7.5,
        6,
        3
      ],
      "to": [
        8.5,
        7,
        4
      ],
      "rotation": {
        "angle": 0,
        "axis": "y",
        "origin": [
          7.5,
          6,
          2.5
        ]
      },
      "faces": {
        "north": {
          "uv": [
            7,
            1,
            7.5,
            1.5
          ],
          "texture": "#0"
        },
        "east": {
          "uv": [
            5,
            7.5,
            5.5,
            8
          ],
          "texture": "#0"
        },
        "south": {
          "uv": [
            7.5,
            5,
            8,
            5.5
          ],
          "texture": "#0"
        },
        "west": {
          "uv": [
            5.5,
            7.5,
            6,
            8
          ],
          "texture": "#0"
        },
        "up": {
          "uv": [
            6.5,
            8,
            6,
            7.5
          ],
          "texture": "#0"
        },
        "down": {
          "uv": [
            7,
            7.5,
            6.5,
            8
          ],
          "texture": "#0"
        }
      }
    },
    {
      "from": [
        8,
        5,
        -1
      ],
      "to": [
        8,
        8,
        3
      ],
      "rotation": {
        "angle": 45,
        "axis": "z",
        "origin": [
          8,
          6.5,
          1.5
        ]
      },
      "faces": {
        "north": {
          "uv": [
            7,
            1,
            7.5,
            1.5
          ],
          "texture": "#0"
        },
        "east": {
          "uv": [
            8.5,
            0,
            10.5,
            1.5
          ],
          "texture": "#0"
        },
        "south": {
          "uv": [
            7.5,
            5,
            8,
            5.5
          ],
          "texture": "#0"
        },
        "west": {
          "uv": [
            10.5,
            0,
            8.5,
            1.5
          ],
          "texture": "#0"
        },
        "up": {
          "uv": [
            6.5,
            8,
            6,
            7.5
          ],
          "texture": "#0"
        },
        "down": {
          "uv": [
            7,
            7.5,
            6.5,
            8
          ],
          "texture": "#0"
        }
      }
    },
    {
      "from": [
        8,
        5,
        -1
      ],
      "to": [
        8,
        8,
        3
      ],
      "rotation": {
        "angle": -45,
        "axis": "z",
        "origin": [
          8,
          6.5,
          1.5
        ]
      },
      "faces": {
        "north": {
          "uv": [
            7,
            1,
            7.5,
            1.5
          ],
          "texture": "#0"
        },
        "east": {
          "uv": [
            8.5,
            0,
            10.5,
            1.5
          ],
          "texture": "#0"
        },
        "south": {
          "uv": [
            7.5,
            5,
            8,
            5.5
          ],
          "texture": "#0"
        },
        "west": {
          "uv": [
            10.5,
            0,
            8.5,
            1.5
          ],
          "texture": "#0"
        },
        "up": {
          "uv": [
            6.5,
            8,
            6,
            7.5
          ],
          "texture": "#0"
        },
        "down": {
          "uv": [
            7,
            7.5,
            6.5,
            8
          ],
          "texture": "#0"
        }
      }
    },
    {
      "from": [
        8,
        6,
        8.25
      ],
      "to": [
        10,
        9,
        10.25
      ],
      "rotation": {
        "angle": 0,
        "axis": "y",
        "origin": [
          10,
          7,
          9.75
        ]
      },
      "faces": {
        "north": {
          "uv": [
            5.5,
            1.5,
            6.5,
            3
          ],
          "texture": "#0"
        },
        "east": {
          "uv": [
            4,
            5.5,
            5,
            7
          ],
          "texture": "#0"
        },
        "south": {
          "uv": [
            5.5,
            4.5,
            6.5,
            6
          ],
          "texture": "#0"
        },
        "west": {
          "uv": [
            6,
            0,
            7,
            1.5
          ],
          "texture": "#0"
        },
        "up": {
          "uv": [
            7.5,
            5.5,
            6.5,
            4.5
          ],
          "texture": "#0"
        },
        "down": {
          "uv": [
            8,
            0,
            7,
            1
          ],
          "texture": "#0"
        }
      }
    },
    {
      "from": [
        8,
        6,
        5.75
      ],
      "to": [
        10,
        9,
        7.75
      ],
      "rotation": {
        "angle": 0,
        "axis": "y",
        "origin": [
          10,
          7,
          7.25
        ]
      },
      "faces": {
        "north": {
          "uv": [
            6,
            3,
            7,
            4.5
          ],
          "texture": "#0"
        },
        "east": {
          "uv": [
            5,
            6,
            6,
            7.5
          ],
          "texture": "#0"
        },
        "south": {
          "uv": [
            6,
            6,
            7,
            7.5
          ],
          "texture": "#0"
        },
        "west": {
          "uv": [
            0,
            6.5,
            1,
            8
          ],
          "texture": "#0"
        },
        "up": {
          "uv": [
            8,
            6.5,
            7,
            5.5
          ],
          "texture": "#0"
        },
        "down": {
          "uv": [
            8,
            6.5,
            7,
            7.5
          ],
          "texture": "#0"
        }
      }
    },
    {
      "from": [
        7.5,
        1.25,
        9
      ],
      "to": [
        8.5,
        5.25,
        11
      ],
      "rotation": {
        "angle": -22.5,
        "axis": "x",
        "origin": [
          8,
          1.25,
          9
        ]
      },
      "faces": {
        "north": {
          "uv": [
            2,
            6.5,
            2.5,
            8.5
          ],
          "texture": "#0"
        },
        "east": {
          "uv": [
            4.5,
            1.5,
            5.5,
            3.5
          ],
          "texture": "#0"
        },
        "south": {
          "uv": [
            2.5,
            6.5,
            3,
            8.5
          ],
          "texture": "#0"
        },
        "west": {
          "uv": [
            3,
            4.5,
            4,
            6.5
          ],
          "texture": "#0"
        },
        "up": {
          "uv": [
            8,
            2,
            7.5,
            1
          ],
          "texture": "#0"
        },
        "down": {
          "uv": [
            2,
            7.5,
            1.5,
            8.5
          ],
          "texture": "#0"
        }
      }
    }
  ],
  "display": {
    "thirdperson_righthand": {
      "translation": [
        0,
        2.75,
        -0.25
      ]
    },
    "thirdperson_lefthand": {
      "translation": [
        0,
        2.75,
        -0.25
      ]
    },
    "firstperson_righthand": {
      "translation": [
        0,
        5.75,
        0.5
      ]
    },
    "firstperson_lefthand": {
      "translation": [
        0,
        5.75,
        0.5
      ]
    },
    "ground": {
      "translation": [
        0,
        5,
        0
      ],
      "scale": [
        0.5,
        0.5,
        0.5
      ]
    },
    "gui": {
      "rotation": [
        0,
        -90,
        0
      ],
      "translation": [
        0,
        3,
        0
      ]
    },
    "head": {
      "translation": [
        0,
        13.75,
        0
      ]
    },
    "fixed": {
      "rotation": [
        0,
        90,
        0
      ],
      "translation": [
        0,
        3,
        0
      ]
    }
  }
}