{
  "variants": {
    "facing=north": {
      "model": "space_station_craft_14:block/directed_st_glass"
    },
    "facing=east": {
      "model": "space_station_craft_14:block/directed_st_glass",
      "y": 90
    },
    "facing=south": {
      "model": "space_station_craft_14:block/directed_st_glass",
      "y": 180
    },
    "facing=west": {
      "model": "space_station_craft_14:block/directed_st_glass",
      "y": 270
    },
    "facing=up": {
      "model": "space_station_craft_14:block/directed_st_glass",
      "x": 270
    },
    "facing=down": {
      "model": "space_station_craft_14:block/directed_st_glass",
      "x": 90
    }
  }
}