{
  "credit": "Made with Blockbench",
  "texture_size": [
    32,
    32
  ],
  "elements": [
    {
      "from": [
        5,
        0,
        7
      ],
      "to": [
        11,
        10,
        9
      ],
      "rotation": {
        "angle": 0,
        "axis": "y",
        "origin": [
          7,
          0,
          7
        ]
      },
      "faces": {
        "north": {
          "uv": [
            0,
            0,
            3,
            5
          ],
          "texture": "#0"
        },
        "east": {
          "uv": [
            4,
            5,
            5,
            10
          ],
          "texture": "#0"
        },
        "south": {
          "uv": [
            3,
            0,
            6,
            5
          ],
          "texture": "#0"
        },
        "west": {
          "uv": [
            5,
            5,
            6,
            10
          ],
          "texture": "#0"
        },
        "up": {
          "uv": [
            9,
            1,
            6,
            0
          ],
          "texture": "#0"
        },
        "down": {
          "uv": [
            9,
            1,
            6,
            2
          ],
          "texture": "#0"
        }
      }
    },
    {
      "from": [
        6,
        10,
        8
      ],
      "to": [
        10,
        12,
        8
      ],
      "rotation": {
        "angle": 0,
        "axis": "y",
        "origin": [
          7,
          10,
          7
        ]
      },
      "faces": {
        "north": {
          "uv": [
            8.5,
            3,
            6.5,
            4
          ],
          "texture": "#0"
        },
        "east": {
          "uv": [
            0,
            0,
            0,
            1
          ],
          "texture": "#0"
        },
        "south": {
          "uv": [
            6.5,
            3,
            8.5,
            4
          ],
          "texture": "#0"
        },
        "west": {
          "uv": [
            0,
            0,
            0,
            1
          ],
          "texture": "#0"
        },
        "up": {
          "uv": [
            2,
            0,
            0,
            0
          ],
          "texture": "#0"
        },
        "down": {
          "uv": [
            2,
            0,
            0,
            0
          ],
          "texture": "#0"
        }
      }
    },
    {
      "from": [
        10.5,
        1,
        8.5
      ],
      "to": [
        11.5,
        9,
        8.5
      ],
      "rotation": {
        "angle": 0,
        "axis": "y",
        "origin": [
          11.5,
          1,
          7.5
        ]
      },
      "faces": {
        "north": {
          "uv": [
            7,
            4,
            7.5,
            8
          ],
          "texture": "#0"
        },
        "east": {
          "uv": [
            0,
            0,
            0,
            4
          ],
          "texture": "#0"
        },
        "south": {
          "uv": [
            7,
            4,
            7.5,
            8
          ],
          "texture": "#0"
        },
        "west": {
          "uv": [
            0,
            0,
            0,
            4
          ],
          "texture": "#0"
        },
        "up": {
          "uv": [
            0.5,
            0,
            0,
            0
          ],
          "texture": "#0"
        },
        "down": {
          "uv": [
            0.5,
            0,
            0,
            0
          ],
          "texture": "#0"
        }
      }
    },
    {
      "from": [
        10.5,
        1,
        7.5
      ],
      "to": [
        11.5,
        9,
        7.5
      ],
      "rotation": {
        "angle": 0,
        "axis": "y",
        "origin": [
          11.5,
          1,
          6.5
        ]
      },
      "faces": {
        "north": {
          "uv": [
            8,
            4,
            8.5,
            8
          ],
          "texture": "#0"
        },
        "east": {
          "uv": [
            0,
            0,
            0,
            4
          ],
          "texture": "#0"
        },
        "south": {
          "uv": [
            8,
            4,
            8.5,
            8
          ],
          "texture": "#0"
        },
        "west": {
          "uv": [
            0,
            0,
            0,
            4
          ],
          "texture": "#0"
        },
        "up": {
          "uv": [
            0.5,
            0,
            0,
            0
          ],
          "texture": "#0"
        },
        "down": {
          "uv": [
            0.5,
            0,
            0,
            0
          ],
          "texture": "#0"
        }
      }
    },
    {
      "from": [
        6,
        1,
        6
      ],
      "to": [
        10,
        9,
        7
      ],
      "rotation": {
        "angle": 0,
        "axis": "y",
        "origin": [
          7,
          0,
          5
        ]
      },
      "faces": {
        "north": {
          "uv": [
            0,
            5,
            2,
            9
          ],
          "texture": "#0"
        },
        "east": {
          "uv": [
            6,
            2,
            6.5,
            6
          ],
          "texture": "#0"
        },
        "south": {
          "uv": [
            2,
            5,
            4,
            9
          ],
          "texture": "#0"
        },
        "west": {
          "uv": [
            6,
            6,
            6.5,
            10
          ],
          "texture": "#0"
        },
        "up": {
          "uv": [
            8.5,
            8.5,
            6.5,
            8
          ],
          "texture": "#0"
        },
        "down": {
          "uv": [
            10.5,
            2,
            8.5,
            2.5
          ],
          "texture": "#0"
        }
      }
    }
  ],
  "display": {
    "thirdperson_righthand": {
      "translation": [
        -0.25,
        6.5,
        2.25
      ]
    },
    "thirdperson_lefthand": {
      "translation": [
        -0.25,
        6.5,
        2.25
      ]
    },
    "firstperson_righthand": {
      "translation": [
        1,
        7,
        0
      ]
    },
    "firstperson_lefthand": {
      "translation": [
        1,
        7,
        0
      ]
    },
    "ground": {
      "translation": [
        0,
        3.5,
        0
      ],
      "scale": [
        0.5,
        0.5,
        0.5
      ]
    },
    "gui": {
      "translation": [
        0,
        2,
        0
      ]
    },
    "head": {
      "rotation": [
        180,
        0,
        180
      ],
      "translation": [
        0,
        14.5,
        0
      ]
    },
    "fixed": {
      "rotation": [
        180,
        0,
        180
      ]
    }
  }
}