{
  "_fv": 79,
  "_type": "blockstates",
  "definition": {
    "block": "BaseWindow",
    "blockstateList": [
      {
        "texture": "station_glass_d1",
        "textureTop": "",
        "textureLeft": "",
        "textureFront": "",
        "textureRight": "",
        "textureBack": "",
        "particleTexture": "",
        "renderType": 4,
        "customModelName": "Single texture",
        "luminance": 0,
        "boundingBoxes": [
          {
            "mx": 0.0,
            "my": 0.0,
            "mz": 0.0,
            "Mx": 16.0,
            "My": 16.0,
            "Mz": 16.0,
            "subtract": false
          }
        ]
      }
    ]
  }
}