{
  "_fv": 79,
  "_type": "gui",
  "definition": {
    "type": 1,
    "width": 416,
    "height": 235,
    "inventoryOffsetX": 75,
    "inventoryOffsetY": 37,
    "renderBgLayer": true,
    "doesPauseGame": false,
    "components": [
      {
        "type": "inputslot",
        "data": {
          "inputLimit": {
            "value": "TAG:ssc14:id"
          },
          "disablePlacement": {
            "fixedValue": false
          },
          "id": 0,
          "disablePickup": {
            "fixedValue": false
          },
          "dropItemsWhenNotBound": false,
          "onSlotChanged": {
            "name": "IDCode0Cellpr"
          },
          "x": 54,
          "y": 165,
          "locked": false
        }
      },
      {
        "type": "inputslot",
        "data": {
          "inputLimit": {
            "value": "TAG:ssc14:id"
          },
          "disablePlacement": {
            "fixedValue": false
          },
          "id": 1,
          "disablePickup": {
            "fixedValue": false
          },
          "dropItemsWhenNotBound": false,
          "onSlotChanged": {
            "name": "IDCode0Cellpr"
          },
          "x": 54,
          "y": 201,
          "locked": false
        }
      },
      {
        "type": "checkbox",
        "data": {
          "name": "gun_room",
          "text": "",
          "x": 11,
          "y": 8,
          "locked": false
        }
      },
      {
        "type": "checkbox",
        "data": {
          "name": "HoS",
          "text": "",
          "x": 11,
          "y": 29,
          "locked": false
        }
      },
      {
        "type": "checkbox",
        "data": {
          "name": "Brig",
          "text": "",
          "x": 11,
          "y": 50,
          "locked": false
        }
      },
      {
        "type": "checkbox",
        "data": {
          "name": "Security",
          "text": "",
          "x": 11,
          "y": 71,
          "locked": false
        }
      },
      {
        "type": "checkbox",
        "data": {
          "name": "Detective",
          "text": "",
          "x": 11,
          "y": 92,
          "locked": false
        }
      },
      {
        "type": "checkbox",
        "data": {
          "name": "Blue_Sh",
          "text": "",
          "x": 341,
          "y": 50,
          "locked": false
        }
      },
      {
        "type": "checkbox",
        "data": {
          "name": "CE",
          "text": "",
          "x": 91,
          "y": 8,
          "locked": false
        }
      },
      {
        "type": "checkbox",
        "data": {
          "name": "CMO",
          "text": "",
          "x": 176,
          "y": 8,
          "locked": false
        }
      },
      {
        "type": "checkbox",
        "data": {
          "name": "RD",
          "text": "",
          "x": 176,
          "y": 71,
          "locked": false
        }
      },
      {
        "type": "checkbox",
        "data": {
          "name": "PNT",
          "text": "",
          "x": 11,
          "y": 113,
          "locked": false
        }
      },
      {
        "type": "checkbox",
        "data": {
          "name": "HoP",
          "text": "",
          "x": 261,
          "y": 8,
          "locked": false
        }
      },
      {
        "type": "checkbox",
        "data": {
          "name": "Atmos",
          "text": "",
          "x": 91,
          "y": 29,
          "locked": false
        }
      },
      {
        "type": "checkbox",
        "data": {
          "name": "Ingeneer",
          "text": "",
          "x": 91,
          "y": 50,
          "locked": false
        }
      },
      {
        "type": "checkbox",
        "data": {
          "name": "Qm",
          "text": "",
          "x": 91,
          "y": 92,
          "locked": false
        }
      },
      {
        "type": "checkbox",
        "data": {
          "name": "Utilizat",
          "text": "",
          "x": 91,
          "y": 113,
          "locked": false
        }
      },
      {
        "type": "checkbox",
        "data": {
          "name": "Supply_Deportament",
          "text": "",
          "x": 91,
          "y": 134,
          "locked": false
        }
      },
      {
        "type": "checkbox",
        "data": {
          "name": "Technical",
          "text": "",
          "x": 176,
          "y": 113,
          "locked": false
        }
      },
      {
        "type": "checkbox",
        "data": {
          "name": "Chemistry",
          "text": "",
          "x": 176,
          "y": 29,
          "locked": false
        }
      },
      {
        "type": "checkbox",
        "data": {
          "name": "Medical",
          "text": "",
          "x": 176,
          "y": 50,
          "locked": false
        }
      },
      {
        "type": "checkbox",
        "data": {
          "name": "Scientist",
          "text": "",
          "x": 176,
          "y": 92,
          "locked": false
        }
      },
      {
        "type": "checkbox",
        "data": {
          "name": "Out",
          "text": "",
          "x": 91,
          "y": 71,
          "locked": false
        }
      },
      {
        "type": "checkbox",
        "data": {
          "name": "Crio",
          "text": "",
          "x": 11,
          "y": 134,
          "locked": false
        }
      },
      {
        "type": "checkbox",
        "data": {
          "name": "Capitan",
          "text": "",
          "x": 341,
          "y": 8,
          "locked": false
        }
      },
      {
        "type": "checkbox",
        "data": {
          "name": "Service",
          "text": "",
          "x": 261,
          "y": 29,
          "locked": false
        }
      },
      {
        "type": "checkbox",
        "data": {
          "name": "Kitchen",
          "text": "",
          "x": 261,
          "y": 50,
          "locked": false
        }
      },
      {
        "type": "checkbox",
        "data": {
          "name": "Gidroponic",
          "text": "",
          "x": 261,
          "y": 71,
          "locked": false
        }
      },
      {
        "type": "checkbox",
        "data": {
          "name": "Bar",
          "text": "",
          "x": 261,
          "y": 92,
          "locked": false
        }
      },
      {
        "type": "checkbox",
        "data": {
          "name": "Teatre",
          "text": "",
          "x": 261,
          "y": 113,
          "locked": false
        }
      },
      {
        "type": "checkbox",
        "data": {
          "name": "Cleaner",
          "text": "",
          "x": 261,
          "y": 134,
          "locked": false
        }
      },
      {
        "type": "checkbox",
        "data": {
          "name": "Command",
          "text": "",
          "x": 341,
          "y": 29,
          "locked": false
        }
      },
      {
        "type": "checkbox",
        "data": {
          "name": "Uridic",
          "text": "",
          "x": 341,
          "y": 71,
          "locked": false
        }
      },
      {
        "type": "checkbox",
        "data": {
          "name": "Church",
          "text": "",
          "x": 176,
          "y": 134,
          "locked": false
        }
      },
      {
        "type": "image",
        "data": {
          "image": "i_dcode___copy.png",
          "use1Xscale": false,
          "x": 6,
          "y": 3,
          "locked": false
        }
      },
      {
        "type": "image",
        "data": {
          "image": "id_code_menu_decor1.png",
          "use1Xscale": false,
          "displayCondition": {
            "name": "IDcmdecor1"
          },
          "x": 55,
          "y": 183,
          "locked": false
        }
      },
      {
        "type": "image",
        "data": {
          "image": "id_code_menu_decor2.png",
          "use1Xscale": false,
          "displayCondition": {
            "name": "IDcmdecor2"
          },
          "x": 58,
          "y": 187,
          "locked": false
        }
      },
      {
        "type": "image",
        "data": {
          "image": "id_code_menu_decor3.png",
          "use1Xscale": false,
          "displayCondition": {
            "name": "IDcmdecor3"
          },
          "x": 58,
          "y": 187,
          "locked": false
        }
      },
      {
        "type": "image",
        "data": {
          "image": "lock_gui.png",
          "use1Xscale": false,
          "displayCondition": {
            "name": "GunroomIDCLockGUI"
          },
          "x": 10,
          "y": 7,
          "locked": false
        }
      },
      {
        "type": "image",
        "data": {
          "image": "lock_gui.png",
          "use1Xscale": false,
          "displayCondition": {
            "name": "HoSIDCLockGUI"
          },
          "x": 10,
          "y": 28,
          "locked": false
        }
      },
      {
        "type": "image",
        "data": {
          "image": "lock_gui.png",
          "use1Xscale": false,
          "displayCondition": {
            "name": "BrigIDCLockGUI"
          },
          "x": 10,
          "y": 49,
          "locked": false
        }
      },
      {
        "type": "image",
        "data": {
          "image": "lock_gui.png",
          "use1Xscale": false,
          "displayCondition": {
            "name": "SecurityIDCLockGUI"
          },
          "x": 10,
          "y": 70,
          "locked": false
        }
      },
      {
        "type": "image",
        "data": {
          "image": "lock_gui.png",
          "use1Xscale": false,
          "displayCondition": {
            "name": "DetectiveIDCLockGUI"
          },
          "x": 10,
          "y": 91,
          "locked": false
        }
      },
      {
        "type": "image",
        "data": {
          "image": "lock_gui.png",
          "use1Xscale": false,
          "displayCondition": {
            "name": "PNTIDCLockGUI"
          },
          "x": 10,
          "y": 112,
          "locked": false
        }
      },
      {
        "type": "image",
        "data": {
          "image": "lock_gui.png",
          "use1Xscale": false,
          "displayCondition": {
            "name": "CrioIDCLockGUI"
          },
          "x": 10,
          "y": 133,
          "locked": false
        }
      },
      {
        "type": "image",
        "data": {
          "image": "lock_gui.png",
          "use1Xscale": false,
          "displayCondition": {
            "name": "CEIDCLockGUI"
          },
          "x": 90,
          "y": 7,
          "locked": false
        }
      },
      {
        "type": "image",
        "data": {
          "image": "lock_gui.png",
          "use1Xscale": false,
          "displayCondition": {
            "name": "AtmosIDCLockGUI"
          },
          "x": 90,
          "y": 28,
          "locked": false
        }
      },
      {
        "type": "image",
        "data": {
          "image": "lock_gui.png",
          "use1Xscale": false,
          "displayCondition": {
            "name": "IngeneerIDCLockGUI"
          },
          "x": 90,
          "y": 49,
          "locked": false
        }
      },
      {
        "type": "image",
        "data": {
          "image": "lock_gui.png",
          "use1Xscale": false,
          "displayCondition": {
            "name": "OutIDCLockGUI"
          },
          "x": 90,
          "y": 70,
          "locked": false
        }
      },
      {
        "type": "image",
        "data": {
          "image": "lock_gui.png",
          "use1Xscale": false,
          "displayCondition": {
            "name": "QmIDCLockGUI"
          },
          "x": 90,
          "y": 91,
          "locked": false
        }
      },
      {
        "type": "image",
        "data": {
          "image": "lock_gui.png",
          "use1Xscale": false,
          "displayCondition": {
            "name": "UtilizatIDCLockGUI"
          },
          "x": 90,
          "y": 112,
          "locked": false
        }
      },
      {
        "type": "image",
        "data": {
          "image": "lock_gui.png",
          "use1Xscale": false,
          "displayCondition": {
            "name": "SupplyDeportamentIDCLockGUI"
          },
          "x": 90,
          "y": 133,
          "locked": false
        }
      },
      {
        "type": "image",
        "data": {
          "image": "lock_gui.png",
          "use1Xscale": false,
          "displayCondition": {
            "name": "CMOIDCLockGUI"
          },
          "x": 175,
          "y": 7,
          "locked": false
        }
      },
      {
        "type": "image",
        "data": {
          "image": "lock_gui.png",
          "use1Xscale": false,
          "displayCondition": {
            "name": "ChemistryIDCLockGUI"
          },
          "x": 175,
          "y": 28,
          "locked": false
        }
      },
      {
        "type": "image",
        "data": {
          "image": "lock_gui.png",
          "use1Xscale": false,
          "displayCondition": {
            "name": "MedicalIDCLockGUI"
          },
          "x": 175,
          "y": 49,
          "locked": false
        }
      },
      {
        "type": "image",
        "data": {
          "image": "lock_gui.png",
          "use1Xscale": false,
          "displayCondition": {
            "name": "RDIDCLockGUI"
          },
          "x": 175,
          "y": 70,
          "locked": false
        }
      },
      {
        "type": "image",
        "data": {
          "image": "lock_gui.png",
          "use1Xscale": false,
          "displayCondition": {
            "name": "ScientistIDCLockGUI"
          },
          "x": 175,
          "y": 91,
          "locked": false
        }
      },
      {
        "type": "image",
        "data": {
          "image": "lock_gui.png",
          "use1Xscale": false,
          "displayCondition": {
            "name": "TechnicalIDCLockGUI"
          },
          "x": 175,
          "y": 112,
          "locked": false
        }
      },
      {
        "type": "image",
        "data": {
          "image": "lock_gui.png",
          "use1Xscale": false,
          "displayCondition": {
            "name": "ChurchIDCLockGUI"
          },
          "x": 175,
          "y": 133,
          "locked": false
        }
      },
      {
        "type": "image",
        "data": {
          "image": "lock_gui.png",
          "use1Xscale": false,
          "displayCondition": {
            "name": "HoPIDCLockGUI"
          },
          "x": 260,
          "y": 7,
          "locked": false
        }
      },
      {
        "type": "image",
        "data": {
          "image": "lock_gui.png",
          "use1Xscale": false,
          "displayCondition": {
            "name": "ServiceIDCLockGUI"
          },
          "x": 260,
          "y": 28,
          "locked": false
        }
      },
      {
        "type": "image",
        "data": {
          "image": "lock_gui.png",
          "use1Xscale": false,
          "displayCondition": {
            "name": "KitchenIDCLockGUI"
          },
          "x": 260,
          "y": 49,
          "locked": false
        }
      },
      {
        "type": "image",
        "data": {
          "image": "lock_gui.png",
          "use1Xscale": false,
          "displayCondition": {
            "name": "GidroponicIDCLockGUI"
          },
          "x": 260,
          "y": 70,
          "locked": false
        }
      },
      {
        "type": "image",
        "data": {
          "image": "lock_gui.png",
          "use1Xscale": false,
          "displayCondition": {
            "name": "BarIDCLockGUI"
          },
          "x": 260,
          "y": 91,
          "locked": false
        }
      },
      {
        "type": "image",
        "data": {
          "image": "lock_gui.png",
          "use1Xscale": false,
          "displayCondition": {
            "name": "TeatreIDCLockGUI"
          },
          "x": 260,
          "y": 112,
          "locked": false
        }
      },
      {
        "type": "image",
        "data": {
          "image": "lock_gui.png",
          "use1Xscale": false,
          "displayCondition": {
            "name": "CleanerIDCLockGUI"
          },
          "x": 260,
          "y": 133,
          "locked": false
        }
      },
      {
        "type": "image",
        "data": {
          "image": "lock_gui.png",
          "use1Xscale": false,
          "displayCondition": {
            "name": "CapitanIDCLockGUI"
          },
          "x": 340,
          "y": 7,
          "locked": false
        }
      },
      {
        "type": "image",
        "data": {
          "image": "lock_gui.png",
          "use1Xscale": false,
          "displayCondition": {
            "name": "CommandIDCLockGUI"
          },
          "x": 340,
          "y": 28,
          "locked": false
        }
      },
      {
        "type": "image",
        "data": {
          "image": "lock_gui.png",
          "use1Xscale": false,
          "displayCondition": {
            "name": "BlueShIDCLockGUI"
          },
          "x": 340,
          "y": 49,
          "locked": false
        }
      },
      {
        "type": "image",
        "data": {
          "image": "lock_gui.png",
          "use1Xscale": false,
          "displayCondition": {
            "name": "UridicIDCLockGUI"
          },
          "x": 340,
          "y": 70,
          "locked": false
        }
      }
    ],
    "onTick": {
      "name": "ID_Code_CHECK"
    },
    "gridSettings": {
      "sx": 10,
      "sy": 14,
      "ox": 11,
      "oy": 15,
      "snapOnGrid": false
    }
  }
}