{
  "_fv": 79,
  "_type": "procedure",
  "definition": {
    "procedurexml": "<xml xmlns=\"https://developers.google.com/blockly/xml\"><block type=\"event_trigger\" deletable=\"false\" x=\"40\" y=\"40\"><field name=\"trigger\">player_ticks</field><next><block type=\"return_string\"><value name=\"return\"><block type=\"text_join\"><mutation items=\"2\"></mutation><value name=\"ADD0\"><block type=\"text\"><field name=\"TEXT\">кПа :  </field></block></value><value name=\"ADD1\"><block type=\"math_dual_ops\"><field name=\"OP\">DIVIDE_DOUBLE</field><value name=\"A\"><block type=\"math_singular_ops\"><field name=\"OP\">ROUND</field><value name=\"NUM\"><block type=\"block_nbt_num_get\"><value name=\"tagName\"><block type=\"text\"><field name=\"TEXT\">O2</field></block></value><value name=\"x\"><block type=\"coord_x\"></block></value><value name=\"y\"><block type=\"coord_y\"></block></value><value name=\"z\"><block type=\"coord_z\"></block></value></block></value></block></value><value name=\"B\"><block type=\"math_number\"><field name=\"NUM\">1000</field></block></value></block></value></block></value></block></next></block></xml>",
    "skipDependencyNullCheck": false
  }
}