{
  "_fv": 79,
  "_type": "tool",
  "definition": {
    "toolType": "MultiTool",
    "renderType": 1,
    "blockingRenderType": 0,
    "texture": "scrap",
    "customModelName": "scrap:default",
    "blockingModelName": "Normal blocking",
    "guiTexture": "scrap",
    "name": "Scrap",
    "specialInformation": {
      "fixedValue": []
    },
    "creativeTabs": [
      {
        "value": "CUSTOM:SSC14creativev3item"
      }
    ],
    "efficiency": 4.0,
    "attackSpeed": 1.0,
    "enchantability": 1,
    "damageVsEntity": 4.0,
    "usageCount": 0,
    "glowCondition": {
      "fixedValue": false
    },
    "repairItems": [],
    "immuneToFire": true,
    "blockDropsTier": "WOOD",
    "blocksAffected": [],
    "stayInGridWhenCrafting": false,
    "damageOnCrafting": false,
    "onRightClickedOnBlock": {
      "name": "Scrap_Procedure"
    }
  }
}