{
  "_fv": 79,
  "_type": "biome",
  "definition": {
    "name": "Space",
    "groundBlock": {
      "value": "Blocks.AIR"
    },
    "undergroundBlock": {
      "value": "Blocks.AIR"
    },
    "underwaterBlock": {
      "value": "Blocks.AIR"
    },
    "airColor": {
      "value": -16777216,
      "falpha": 0.0
    },
    "fogColor": {
      "value": -16777216,
      "falpha": 0.0
    },
    "ambientSound": {
      "value": ""
    },
    "additionsSound": {
      "value": ""
    },
    "music": {
      "value": ""
    },
    "moodSound": {
      "value": ""
    },
    "moodSoundDelay": 6000,
    "spawnParticles": false,
    "particleToSpawn": {
      "value": "ASH"
    },
    "particlesProbability": 0.5,
    "rainingPossibility": 0.0,
    "temperature": 0.5,
    "spawnBiome": false,
    "spawnInCaves": false,
    "spawnBiomeNether": false,
    "genTemperature": {
      "min": -0.5,
      "max": 0.5
    },
    "genHumidity": {
      "min": -0.5,
      "max": 0.5
    },
    "genContinentalness": {
      "min": 0.3,
      "max": 1.0
    },
    "genErosion": {
      "min": -0.5,
      "max": 0.5
    },
    "genWeirdness": {
      "min": -1.0,
      "max": 1.0
    },
    "treesPerChunk": 0,
    "vanillaTreeType": "Default",
    "treeType": 0,
    "minHeight": 7,
    "treeStem": {
      "value": ""
    },
    "treeBranch": {
      "value": ""
    },
    "treeVines": {
      "value": ""
    },
    "treeFruits": {
      "value": ""
    },
    "defaultFeatures": [],
    "spawnStronghold": false,
    "spawnMineshaft": false,
    "spawnMineshaftMesa": false,
    "spawnPillagerOutpost": false,
    "villageType": "none",
    "spawnWoodlandMansion": false,
    "spawnJungleTemple": false,
    "spawnDesertPyramid": false,
    "spawnSwampHut": false,
    "spawnIgloo": false,
    "spawnOceanMonument": false,
    "spawnShipwreck": false,
    "spawnShipwreckBeached": false,
    "spawnBuriedTreasure": false,
    "oceanRuinType": "NONE",
    "spawnNetherBridge": false,
    "spawnNetherFossil": false,
    "spawnBastionRemnant": false,
    "spawnEndCity": false,
    "spawnRuinedPortal": "NONE",
    "spawnEntries": []
  }
}