{
  "_fv": 79,
  "_type": "tool",
  "definition": {
    "toolType": "MultiTool",
    "renderType": 1,
    "blockingRenderType": 0,
    "texture": "wwedler",
    "customModelName": "welder:default",
    "blockingModelName": "Normal blocking",
    "guiTexture": "wwedler",
    "name": "Welder",
    "specialInformation": {
      "fixedValue": []
    },
    "creativeTabs": [
      {
        "value": "CUSTOM:SSC14creativev3item"
      }
    ],
    "efficiency": 4.0,
    "attackSpeed": 1.0,
    "enchantability": 1,
    "damageVsEntity": 1.0,
    "usageCount": 0,
    "glowCondition": {
      "fixedValue": false
    },
    "repairItems": [],
    "immuneToFire": true,
    "blockDropsTier": "WOOD",
    "blocksAffected": [],
    "stayInGridWhenCrafting": false,
    "damageOnCrafting": false,
    "onRightClickedInAir": {
      "name": "ActiveWelder_Use"
    },
    "onRightClickedOnBlock": {
      "name": "ActiveWelder_Use"
    },
    "onItemInUseTick": {
      "name": "Welding_Fuel_chek"
    }
  }
}