{
  "credit": "Made with Blockbench",
  "texture_size": [
    64,
    64
  ],
  "elements": [
    {
      "from": [
        11,
        0,
        6
      ],
      "to": [
        16,
        8,
        10
      ],
      "rotation": {
        "angle": 0,
        "axis": "y",
        "origin": [
          11,
          0,
          7
        ]
      },
      "faces": {
        "north": {
          "uv": [
            0.5,
            3,
            1.75,
            5
          ],
          "texture": "#2"
        },
        "east": {
          "uv": [
            6,
            3,
            7,
            5
          ],
          "texture": "#2"
        },
        "south": {
          "uv": [
            1.75,
            3,
            3,
            5
          ],
          "texture": "#2"
        },
        "west": {
          "uv": [
            5.5,
            6,
            6.5,
            8
          ],
          "texture": "#2"
        },
        "up": {
          "uv": [
            8.5,
            6,
            7.25,
            5
          ],
          "texture": "#2"
        },
        "down": {
          "uv": [
            8.75,
            3,
            7.5,
            4
          ],
          "texture": "#2"
        }
      }
    },
    {
      "from": [
        10,
        8,
        7
      ],
      "to": [
        16,
        16,
        9
      ],
      "rotation": {
        "angle": 0,
        "axis": "y",
        "origin": [
          11,
          14,
          7
        ]
      },
      "faces": {
        "north": {
          "uv": [
            4.5,
            3,
            6,
            5
          ],
          "texture": "#2"
        },
        "east": {
          "uv": [
            7.5,
            6,
            8,
            8
          ],
          "texture": "#2"
        },
        "south": {
          "uv": [
            0,
            5,
            1.5,
            7
          ],
          "texture": "#2"
        },
        "west": {
          "uv": [
            8,
            0,
            8.5,
            2
          ],
          "texture": "#2"
        },
        "up": {
          "uv": [
            9.5,
            7.5,
            8,
            7
          ],
          "texture": "#2"
        },
        "down": {
          "uv": [
            8.75,
            8,
            7.25,
            8.5
          ],
          "texture": "#2"
        }
      }
    },
    {
      "from": [
        10,
        0,
        9
      ],
      "to": [
        12,
        17,
        11
      ],
      "rotation": {
        "angle": 0,
        "axis": "y",
        "origin": [
          10,
          0,
          9
        ]
      },
      "faces": {
        "north": {
          "uv": [
            3.5,
            6,
            4,
            10.25
          ],
          "texture": "#2"
        },
        "east": {
          "uv": [
            4,
            6,
            4.5,
            10.25
          ],
          "texture": "#2"
        },
        "south": {
          "uv": [
            4.5,
            6,
            5,
            10.25
          ],
          "texture": "#2"
        },
        "west": {
          "uv": [
            5,
            6,
            5.5,
            10.25
          ],
          "texture": "#2"
        },
        "up": {
          "uv": [
            9,
            8,
            8.5,
            7.5
          ],
          "texture": "#2"
        },
        "down": {
          "uv": [
            9.25,
            2.75,
            8.75,
            3.25
          ],
          "texture": "#2"
        }
      }
    },
    {
      "from": [
        0,
        12,
        7
      ],
      "to": [
        5,
        16,
        9
      ],
      "rotation": {
        "angle": 0,
        "axis": "y",
        "origin": [
          -3,
          12,
          7
        ]
      },
      "faces": {
        "north": {
          "uv": [
            5.5,
            1,
            6.75,
            2
          ],
          "texture": "#2"
        },
        "east": {
          "uv": [
            8.5,
            5,
            9,
            6
          ],
          "texture": "#2"
        },
        "south": {
          "uv": [
            6.25,
            2,
            7.5,
            3
          ],
          "texture": "#2"
        },
        "west": {
          "uv": [
            7.25,
            8.5,
            7.75,
            9.5
          ],
          "texture": "#2"
        },
        "up": {
          "uv": [
            9,
            4.5,
            7,
            4
          ],
          "texture": "#2"
        },
        "down": {
          "uv": [
            9,
            4.5,
            7,
            5
          ],
          "texture": "#2"
        }
      }
    },
    {
      "from": [
        0,
        13.5,
        6
      ],
      "to": [
        1.5,
        16.5,
        10
      ],
      "rotation": {
        "angle": 0,
        "axis": "y",
        "origin": [
          -2.5,
          12.5,
          7
        ]
      },
      "faces": {
        "north": {
          "uv": [
            8.5,
            0,
            8.875,
            0.75
          ],
          "texture": "#2"
        },
        "east": {
          "uv": [
            8,
            2,
            9,
            2.75
          ],
          "texture": "#2"
        },
        "south": {
          "uv": [
            8.875,
            0.75,
            9.25,
            1.5
          ],
          "texture": "#2"
        },
        "west": {
          "uv": [
            5.5,
            8,
            6.5,
            8.75
          ],
          "texture": "#2"
        },
        "up": {
          "uv": [
            8.75,
            7,
            8,
            6
          ],
          "texture": "#2"
        },
        "down": {
          "uv": [
            7.25,
            8,
            6.5,
            9
          ],
          "texture": "#2"
        }
      }
    },
    {
      "from": [
        0,
        0,
        6
      ],
      "to": [
        6,
        12,
        10
      ],
      "rotation": {
        "angle": 0,
        "axis": "y",
        "origin": [
          -3,
          0,
          7
        ]
      },
      "faces": {
        "north": {
          "uv": [
            0,
            0,
            1.5,
            3
          ],
          "texture": "#2"
        },
        "east": {
          "uv": [
            3.5,
            3,
            4.5,
            6
          ],
          "texture": "#2"
        },
        "south": {
          "uv": [
            3,
            0,
            4.5,
            3
          ],
          "texture": "#2"
        },
        "west": {
          "uv": [
            4.5,
            0,
            5.5,
            3
          ],
          "texture": "#2"
        },
        "up": {
          "uv": [
            6,
            6,
            4.5,
            5
          ],
          "texture": "#2"
        },
        "down": {
          "uv": [
            7,
            0,
            5.5,
            1
          ],
          "texture": "#2"
        }
      }
    },
    {
      "from": [
        5,
        0,
        5
      ],
      "to": [
        7,
        17,
        7
      ],
      "rotation": {
        "angle": 0,
        "axis": "y",
        "origin": [
          5,
          0,
          5
        ]
      },
      "faces": {
        "north": {
          "uv": [
            1.5,
            5,
            2,
            9.25
          ],
          "texture": "#2"
        },
        "east": {
          "uv": [
            2,
            5,
            2.5,
            9.25
          ],
          "texture": "#2"
        },
        "south": {
          "uv": [
            2.5,
            5,
            3,
            9.25
          ],
          "texture": "#2"
        },
        "west": {
          "uv": [
            3,
            5,
            3.5,
            9.25
          ],
          "texture": "#2"
        },
        "up": {
          "uv": [
            8.5,
            8,
            8,
            7.5
          ],
          "texture": "#2"
        },
        "down": {
          "uv": [
            9,
            1.5,
            8.5,
            2
          ],
          "texture": "#2"
        }
      }
    },
    {
      "from": [
        16,
        8,
        6
      ],
      "to": [
        16,
        16,
        10
      ],
      "rotation": {
        "angle": 0,
        "axis": "y",
        "origin": [
          10,
          14,
          7
        ]
      },
      "faces": {
        "north": {
          "uv": [
            1.25,
            7,
            1.5,
            9
          ],
          "texture": "#2"
        },
        "east": {
          "uv": [
            6.5,
            6,
            7.5,
            8
          ],
          "texture": "#2"
        },
        "south": {
          "uv": [
            7.5,
            1,
            7.75,
            3
          ],
          "texture": "#2"
        },
        "west": {
          "uv": [
            0,
            7,
            1,
            9
          ],
          "texture": "#2"
        },
        "up": {
          "uv": [
            8,
            9.5,
            7.75,
            8.5
          ],
          "texture": "#2"
        },
        "down": {
          "uv": [
            8.75,
            8.5,
            8.25,
            9.5
          ],
          "texture": "#2"
        }
      }
    }
  ],
  "groups": [
    {
      "name": "group",
      "origin": [
        9,
        16,
        7
      ],
      "color": 0,
      "children": [
        0,
        1,
        2
      ]
    },
    {
      "name": "group",
      "origin": [
        8,
        0,
        5
      ],
      "color": 0,
      "children": [
        3,
        4,
        5,
        6
      ]
    },
    7
  ]
}