{
  "credit": "Made with Blockbench",
  "texture_size": [
    64,
    64
  ],
  "elements": [
    {
      "from": [
        0,
        0,
        0
      ],
      "to": [
        16,
        16,
        16
      ],
      "faces": {
        "north": {
          "uv": [
            0,
            0,
            4,
            4
          ],
          "texture": "#0"
        },
        "east": {
          "uv": [
            0,
            0,
            4,
            4
          ],
          "texture": "#0"
        },
        "south": {
          "uv": [
            0,
            0,
            4,
            4
          ],
          "texture": "#0"
        },
        "west": {
          "uv": [
            0,
            0,
            4,
            4
          ],
          "texture": "#0"
        },
        "up": {
          "uv": [
            4,
            4,
            0,
            0
          ],
          "texture": "#0"
        },
        "down": {
          "uv": [
            4,
            0,
            0,
            4
          ],
          "texture": "#0"
        }
      }
    },
    {
      "from": [
        0.5,
        0.5,
        0.5
      ],
      "to": [
        15.5,
        15.5,
        15.5
      ],
      "faces": {
        "north": {
          "uv": [
            4,
            8,
            7.75,
            11.75
          ],
          "texture": "#0"
        },
        "east": {
          "uv": [
            4,
            8,
            7.75,
            11.75
          ],
          "texture": "#0"
        },
        "south": {
          "uv": [
            4,
            8,
            7.75,
            11.75
          ],
          "texture": "#0"
        },
        "west": {
          "uv": [
            4,
            8,
            7.75,
            11.75
          ],
          "texture": "#0"
        },
        "up": {
          "uv": [
            7.75,
            11.75,
            4,
            8
          ],
          "texture": "#0"
        },
        "down": {
          "uv": [
            7.75,
            8,
            4,
            11.75
          ],
          "texture": "#0"
        }
      }
    }
  ]
}