{
  "credit": "Made with Blockbench",
  "elements": [
    {
      "from": [
        7,
        6.5,
        9
      ],
      "to": [
        9,
        8.5,
        15
      ],
      "rotation": {
        "angle": 0,
        "axis": "y",
        "origin": [
          7,
          6.5,
          13
        ]
      },
      "faces": {
        "north": {
          "uv": [
            11,
            4,
            13,
            6
          ],
          "texture": "#0"
        },
        "east": {
          "uv": [
            0,
            8,
            6,
            10
          ],
          "texture": "#0"
        },
        "south": {
          "uv": [
            2,
            12,
            4,
            14
          ],
          "texture": "#0"
        },
        "west": {
          "uv": [
            6,
            8,
            12,
            10
          ],
          "texture": "#0"
        },
        "up": {
          "uv": [
            11,
            6,
            9,
            0
          ],
          "texture": "#0"
        },
        "down": {
          "uv": [
            2,
            10,
            0,
            16
          ],
          "texture": "#0"
        }
      }
    },
    {
      "from": [
        7.5,
        8,
        5
      ],
      "to": [
        8.5,
        10,
        7
      ],
      "rotation": {
        "angle": -45,
        "axis": "x",
        "origin": [
          8,
          9,
          6
        ]
      },
      "faces": {
        "north": {
          "uv": [
            12,
            8,
            13,
            10
          ],
          "texture": "#0"
        },
        "east": {
          "uv": [
            11,
            0,
            13,
            2
          ],
          "texture": "#0"
        },
        "south": {
          "uv": [
            12,
            10,
            13,
            12
          ],
          "texture": "#0"
        },
        "west": {
          "uv": [
            11,
            2,
            13,
            4
          ],
          "texture": "#0"
        },
        "up": {
          "uv": [
            13,
            14,
            12,
            12
          ],
          "texture": "#0"
        },
        "down": {
          "uv": [
            14,
            0,
            13,
            2
          ],
          "texture": "#0"
        }
      }
    },
    {
      "from": [
        8,
        7,
        1
      ],
      "to": [
        8,
        9,
        10
      ],
      "rotation": {
        "angle": 0,
        "axis": "y",
        "origin": [
          6.5,
          6,
          7
        ]
      },
      "faces": {
        "north": {
          "uv": [
            0,
            0,
            0,
            2
          ],
          "texture": "#0"
        },
        "east": {
          "uv": [
            0,
            0,
            9,
            2
          ],
          "texture": "#0"
        },
        "south": {
          "uv": [
            0,
            0,
            0,
            2
          ],
          "texture": "#0"
        },
        "west": {
          "uv": [
            9,
            0,
            0,
            2
          ],
          "texture": "#0"
        },
        "up": {
          "uv": [
            0,
            9,
            0,
            0
          ],
          "texture": "#0"
        },
        "down": {
          "uv": [
            0,
            0,
            0,
            9
          ],
          "texture": "#0"
        }
      }
    },
    {
      "from": [
        7,
        9.5,
        9
      ],
      "to": [
        9,
        11.5,
        15
      ],
      "rotation": {
        "angle": 0,
        "axis": "y",
        "origin": [
          7,
          9.5,
          13
        ]
      },
      "faces": {
        "north": {
          "uv": [
            4,
            12,
            6,
            14
          ],
          "texture": "#0"
        },
        "east": {
          "uv": [
            9,
            6,
            15,
            8
          ],
          "texture": "#0"
        },
        "south": {
          "uv": [
            6,
            12,
            8,
            14
          ],
          "texture": "#0"
        },
        "west": {
          "uv": [
            2,
            10,
            8,
            12
          ],
          "texture": "#0"
        },
        "up": {
          "uv": [
            10,
            16,
            8,
            10
          ],
          "texture": "#0"
        },
        "down": {
          "uv": [
            12,
            10,
            10,
            16
          ],
          "texture": "#0"
        }
      }
    },
    {
      "from": [
        8,
        9,
        1
      ],
      "to": [
        8,
        11,
        10
      ],
      "rotation": {
        "angle": 0,
        "axis": "y",
        "origin": [
          6.5,
          8,
          7
        ]
      },
      "faces": {
        "north": {
          "uv": [
            0,
            0,
            0,
            2
          ],
          "texture": "#0"
        },
        "east": {
          "uv": [
            0,
            4,
            9,
            6
          ],
          "texture": "#0"
        },
        "south": {
          "uv": [
            0,
            0,
            0,
            2
          ],
          "texture": "#0"
        },
        "west": {
          "uv": [
            9,
            4,
            0,
            6
          ],
          "texture": "#0"
        },
        "up": {
          "uv": [
            0,
            9,
            0,
            0
          ],
          "texture": "#0"
        },
        "down": {
          "uv": [
            0,
            0,
            0,
            9
          ],
          "texture": "#0"
        }
      }
    }
  ],
  "display": {
    "thirdperson_righthand": {
      "rotation": [
        90,
        0,
        0
      ],
      "translation": [
        0,
        2,
        -1
      ]
    },
    "thirdperson_lefthand": {
      "rotation": [
        90,
        0,
        0
      ],
      "translation": [
        0,
        2,
        -1
      ]
    },
    "firstperson_righthand": {
      "translation": [
        0,
        1.25,
        0
      ]
    },
    "firstperson_lefthand": {
      "translation": [
        0,
        1.25,
        0
      ]
    },
    "ground": {
      "translation": [
        0,
        0.75,
        0
      ],
      "scale": [
        0.5,
        0.5,
        0.5
      ]
    },
    "gui": {
      "rotation": [
        0,
        -90,
        0
      ],
      "translation": [
        0,
        -0.75,
        0
      ]
    },
    "head": {
      "translation": [
        0,
        7.75,
        0
      ]
    },
    "fixed": {
      "rotation": [
        0,
        90,
        0
      ]
    }
  }
}