{
  "_fv": 79,
  "_type": "procedure",
  "definition": {
    "procedurexml": "<xml xmlns=\"https://developers.google.com/blockly/xml\"><variables><variable type=\"Number\" id=\"fuel\">fuel</variable></variables><block type=\"event_trigger\" deletable=\"false\" x=\"40\" y=\"40\"><field name=\"trigger\">no_ext_trigger</field><next><block type=\"controls_if\"><mutation else=\"1\"></mutation><value name=\"IF0\"><block type=\"math_binary_ops\"><field name=\"OP\">LT</field><value name=\"A\"><block type=\"item_nbt_num_get\"><value name=\"tagName\"><block type=\"text\"><field name=\"TEXT\">fuel</field></block></value><value name=\"item\"><block type=\"itemstack_to_mcitem\"></block></value></block></value><value name=\"B\"><block type=\"math_number\"><field name=\"NUM\">150</field></block></value></block></value><statement name=\"DO0\"><block type=\"variables_set_number\"><mutation xmlns=\"http://www.w3.org/1999/xhtml\" is_player_var=\"false\" has_entity=\"false\"></mutation><field name=\"VAR\">local:fuel</field><value name=\"VAL\"><block type=\"item_nbt_num_get\"><value name=\"tagName\"><block type=\"text\"><field name=\"TEXT\">fuel</field></block></value><value name=\"item\"><block type=\"entity_iteminhand\"><value name=\"entity\"><block type=\"entity_from_deps\"></block></value></block></value></block></value><next><block type=\"entity_set_mainhand_item\"><value name=\"entity\"><block type=\"entity_from_deps\"></block></value><value name=\"amount\"><block type=\"math_number\"><field name=\"NUM\">1</field></block></value><value name=\"item\"><block type=\"mcitem_all\"><field name=\"value\">CUSTOM:Welding</field></block></value><next><block type=\"play_sound\"><field name=\"sound\">CUSTOM:welder_off</field><field name=\"soundcategory\">neutral</field><value name=\"x\"><block type=\"coord_x\"></block></value><value name=\"y\"><block type=\"coord_y\"></block></value><value name=\"z\"><block type=\"coord_z\"></block></value><value name=\"level\"><block type=\"math_number\"><field name=\"NUM\">1</field></block></value><value name=\"pitch\"><block type=\"math_number\"><field name=\"NUM\">1</field></block></value><next><block type=\"item_nbt_num_set\"><value name=\"tagName\"><block type=\"text\"><field name=\"TEXT\">fuel</field></block></value><value name=\"item\"><block type=\"entity_iteminhand\"><value name=\"entity\"><block type=\"entity_from_deps\"></block></value></block></value><value name=\"tagValue\"><block type=\"variables_get_number\"><mutation xmlns=\"http://www.w3.org/1999/xhtml\" is_player_var=\"false\" has_entity=\"false\"></mutation><field name=\"VAR\">local:fuel</field></block></value></block></next></block></next></block></next></block></statement><statement name=\"ELSE\"><block type=\"item_nbt_num_set\"><value name=\"tagName\"><block type=\"text\"><field name=\"TEXT\">fuel</field></block></value><value name=\"item\"><block type=\"itemstack_to_mcitem\"></block></value><value name=\"tagValue\"><block type=\"math_dual_ops\"><field name=\"OP\">MINUS</field><value name=\"A\"><block type=\"item_nbt_num_get\"><value name=\"tagName\"><block type=\"text\"><field name=\"TEXT\">fuel</field></block></value><value name=\"item\"><block type=\"itemstack_to_mcitem\"></block></value></block></value><value name=\"B\"><block type=\"math_number\"><field name=\"NUM\">2</field></block></value></block></value></block></statement></block></next></block></xml>",
    "skipDependencyNullCheck": false
  }
}