{
  "_fv": 79,
  "_type": "block",
  "definition": {
    "texture": "id_console_texture",
    "textureTop": "",
    "textureLeft": "",
    "textureFront": "",
    "textureRight": "",
    "textureBack": "",
    "renderType": 2,
    "customModelName": "console_of_id:default",
    "rotationMode": 1,
    "enablePitch": false,
    "emissiveRendering": true,
    "displayFluidOverlay": false,
    "animations": [],
    "itemTexture": "id_console_item",
    "particleTexture": "",
    "blockSetType": "OAK",
    "pottedPlant": {
      "value": ""
    },
    "tintType": "No tint",
    "isItemTinted": false,
    "hasTransparency": true,
    "connectedSides": false,
    "transparencyType": "CUTOUT",
    "disableOffset": false,
    "boundingBoxes": [
      {
        "mx": 2.0,
        "my": 0.0,
        "mz": 12.0,
        "Mx": 14.0,
        "My": 18.0,
        "Mz": 16.0,
        "subtract": false
      },
      {
        "mx": 1.0,
        "my": 0.0,
        "mz": 4.0,
        "Mx": 15.0,
        "My": 13.0,
        "Mz": 11.0,
        "subtract": false
      },
      {
        "mx": 14.0,
        "my": 9.5,
        "mz": 1.5,
        "Mx": 14.0,
        "My": 13.5,
        "Mz": 4.5,
        "subtract": false
      },
      {
        "mx": 2.0,
        "my": 9.5,
        "mz": 1.5,
        "Mx": 2.0,
        "My": 13.5,
        "Mz": 4.5,
        "subtract": false
      },
      {
        "mx": 4.0,
        "my": 9.5,
        "mz": 1.5,
        "Mx": 4.0,
        "My": 13.5,
        "Mz": 4.5,
        "subtract": false
      },
      {
        "mx": 12.0,
        "my": 9.5,
        "mz": 1.5,
        "Mx": 12.0,
        "My": 13.5,
        "Mz": 4.5,
        "subtract": false
      },
      {
        "mx": 1.0,
        "my": 13.0,
        "mz": 1.0,
        "Mx": 15.0,
        "My": 16.0,
        "Mz": 13.0,
        "subtract": false
      },
      {
        "mx": 1.5,
        "my": 16.25,
        "mz": 2.0,
        "Mx": 14.5,
        "My": 16.25,
        "Mz": 8.0,
        "subtract": false
      },
      {
        "mx": 0.5,
        "my": 13.77111,
        "mz": 7.39283,
        "Mx": 15.5,
        "My": 24.77111,
        "Mz": 15.0,
        "subtract": false
      }
    ],
    "customProperties": [],
    "name": "Console Of ID-card",
    "specialInformation": {
      "fixedValue": []
    },
    "hardness": 20.0,
    "resistance": 10.0,
    "hasGravity": false,
    "isWaterloggable": false,
    "hasBlockItem": true,
    "maxStackSize": 1,
    "rarity": "UNCOMMON",
    "immuneToFire": true,
    "creativeTabs": [
      {
        "value": "CUSTOM:SSC14creativev"
      }
    ],
    "destroyTool": "Not specified",
    "customDrop": {
      "value": ""
    },
    "dropAmount": 0,
    "xpAmountMin": 0,
    "xpAmountMax": 0,
    "useLootTableForDrops": false,
    "requiresCorrectTool": false,
    "enchantPowerBonus": 0.0,
    "plantsGrowOn": false,
    "canRedstoneConnect": false,
    "lightOpacity": 0,
    "tickRate": 0,
    "tickRandomly": false,
    "isReplaceable": false,
    "canProvidePower": false,
    "emittedRedstonePower": {
      "fixedValue": 15.0
    },
    "colorOnMap": "DEFAULT",
    "noteBlockInstrument": "harp",
    "creativePickItem": {
      "value": ""
    },
    "offsetType": "NONE",
    "aiPathNodeType": "DEFAULT",
    "strippingResult": {
      "value": ""
    },
    "ignitedByLava": false,
    "flammability": 0,
    "fireSpreadSpeed": 0,
    "isLadder": false,
    "slipperiness": 0.6,
    "speedFactor": 1.0,
    "jumpFactor": 1.0,
    "reactionToPushing": "NORMAL",
    "isNotColidable": false,
    "isCustomSoundType": false,
    "soundOnStep": {
      "value": "ANVIL"
    },
    "breakSound": {
      "value": ""
    },
    "fallSound": {
      "value": ""
    },
    "hitSound": {
      "value": ""
    },
    "placeSound": {
      "value": ""
    },
    "stepSound": {
      "value": ""
    },
    "luminance": 3,
    "unbreakable": false,
    "vanillaToolTier": "NONE",
    "isBonemealable": false,
    "sensitiveToVibration": false,
    "vibrationalEvents": [],
    "vibrationSensitivityRadius": {
      "fixedValue": 7.0
    },
    "hasInventory": true,
    "guiBoundTo": "IDcode",
    "openGUIOnRightClick": false,
    "inventorySize": 9,
    "inventoryStackSize": 1,
    "inventoryDropWhenDestroyed": false,
    "inventoryComparatorPower": false,
    "inventoryOutSlotIDs": [],
    "inventoryInSlotIDs": [],
    "hasEnergyStorage": false,
    "energyInitial": 0,
    "energyCapacity": 400000,
    "energyMaxReceive": 200,
    "energyMaxExtract": 200,
    "isFluidTank": false,
    "fluidCapacity": 8000,
    "fluidRestrictions": [],
    "onRightClicked": {
      "name": "ConsoleID_openMenu"
    },
    "generateFeature": false,
    "restrictionBiomes": [],
    "blocksToReplace": [
      {
        "value": "TAG:stone_ore_replaceables"
      }
    ],
    "generationShape": "UNIFORM",
    "frequencyPerChunks": 10,
    "frequencyOnChunk": 16,
    "minGenerateHeight": 0,
    "maxGenerateHeight": 64
  }
}