{
  "_fv": 79,
  "_type": "gui",
  "definition": {
    "type": 0,
    "width": 324,
    "height": 166,
    "inventoryOffsetX": 0,
    "inventoryOffsetY": 0,
    "renderBgLayer": true,
    "doesPauseGame": false,
    "components": [
      {
        "type": "label",
        "data": {
          "name": "label_zdies_dolzhny_byli_byt_dostupy",
          "text": {
            "fixedValue": "здесь должны были быть доступы, но сейчас их украл Синдикат"
          },
          "color": {
            "value": -16777216,
            "falpha": 0.0
          },
          "x": 59,
          "y": 110,
          "locked": false
        }
      }
    ],
    "gridSettings": {
      "sx": 18,
      "sy": 18,
      "ox": 11,
      "oy": 15,
      "snapOnGrid": false
    }
  }
}