{
  "_fv": 79,
  "_type": "procedure",
  "definition": {
    "procedurexml": "<xml xmlns=\"https://developers.google.com/blockly/xml\"><block type=\"event_trigger\" deletable=\"false\" x=\"40\" y=\"40\"><field name=\"trigger\">no_ext_trigger</field><next><block type=\"controls_if\"><value name=\"IF0\"><block type=\"logic_negate\"><value name=\"BOOL\"><block type=\"entity_checkgamemode\"><field name=\"gamemode\">CREATIVE</field><value name=\"entity\"><block type=\"entity_from_deps\"></block></value></block></value></block></value><statement name=\"DO0\"><block type=\"block_replace\"><field name=\"state\">TRUE</field><field name=\"nbt\">FALSE</field><value name=\"x\"><block type=\"coord_x\"></block></value><value name=\"y\"><block type=\"coord_y\"></block></value><value name=\"z\"><block type=\"coord_z\"></block></value><value name=\"block\"><block type=\"mcitem_allblocks\"><field name=\"value\">CUSTOM:WallCarcase</field></block></value><next><block type=\"spawn_gem\"><field name=\"despawn\">FALSE</field><value name=\"block\"><block type=\"mcitem_all\"><field name=\"value\">CUSTOM:Steel</field></block></value><value name=\"x\"><block type=\"coord_x\"></block></value><value name=\"y\"><block type=\"coord_y\"></block></value><value name=\"z\"><block type=\"coord_z\"></block></value><value name=\"pickUpDelay\"><block type=\"math_number\"><field name=\"NUM\">1</field></block></value><next><block type=\"controls_if\"><mutation else=\"1\"></mutation><value name=\"IF0\"><block type=\"math_binary_ops\"><field name=\"OP\">EQ</field><value name=\"A\"><block type=\"math_random_int_between\"><value name=\"min\"><block type=\"math_number\"><field name=\"NUM\">0</field></block></value><value name=\"max\"><block type=\"math_number\"><field name=\"NUM\">1</field></block></value></block></value><value name=\"B\"><block type=\"math_number\"><field name=\"NUM\">0</field></block></value></block></value><statement name=\"DO0\"><block type=\"play_sound\"><field name=\"sound\">CUSTOM:wall_destroy</field><field name=\"soundcategory\">neutral</field><value name=\"x\"><block type=\"coord_x\"></block></value><value name=\"y\"><block type=\"coord_y\"></block></value><value name=\"z\"><block type=\"coord_z\"></block></value><value name=\"level\"><block type=\"math_number\"><field name=\"NUM\">1</field></block></value><value name=\"pitch\"><block type=\"math_number\"><field name=\"NUM\">1</field></block></value></block></statement><statement name=\"ELSE\"><block type=\"play_sound\"><field name=\"sound\">CUSTOM:walldevice_destroy</field><field name=\"soundcategory\">neutral</field><value name=\"x\"><block type=\"coord_x\"></block></value><value name=\"y\"><block type=\"coord_y\"></block></value><value name=\"z\"><block type=\"coord_z\"></block></value><value name=\"level\"><block type=\"math_number\"><field name=\"NUM\">1</field></block></value><value name=\"pitch\"><block type=\"math_number\"><field name=\"NUM\">1</field></block></value></block></statement></block></next></block></next></block></statement></block></next></block></xml>",
    "skipDependencyNullCheck": false
  }
}